[0m20:44:25.430944 [debug] [MainThread]: Sending event: {'category': 'dbt', 'action': 'invocation', 'label': 'start', 'context': [<snowplow_tracker.self_describing_json.SelfDescribingJson object at 0x10e349ad0>, <snowplow_tracker.self_describing_json.SelfDescribingJson object at 0x10e342a50>, <snowplow_tracker.self_describing_json.SelfDescribingJson object at 0x10e3e5710>]}


============================== 20:44:25.433606 | 14e8bbb0-05b1-4941-ad20-c8727a47c305 ==============================
[0m20:44:25.433606 [info ] [MainThread]: Running with dbt=1.12.0
[0m20:44:25.433932 [debug] [MainThread]: running dbt with arguments {'send_anonymous_usage_stats': 'True', 'quiet': 'False', 'warn_error': 'None', 'partial_parse': 'True', 'use_colors': 'True', 'fail_fast': 'False', 'empty': 'None', 'hints_enabled': 'True', 'introspect': 'True', 'invocation_command': 'dbt debug', 'log_format': 'default', 'write_json': 'True', 'indirect_selection': 'eager', 'static_parser': 'True', 'no_print': 'None', 'warn_error_options': 'WarnErrorOptionsV2(error=[], warn=[], silence=[])', 'cache_selected_only': 'False', 'log_path': '/Users/shalinigoutam/Desktop/Codebasics/bootcamp-projects/atliq-commerce-data-pipeline/atliq_gold/logs', 'maximum_seed_size_mib': '1', 'log_cache_events': 'False', 'debug': 'False', 'printer_width': '80', 'profiles_dir': '/Users/shalinigoutam/.dbt', 'version_check': 'True', 'target_path': 'None', 'use_experimental_parser': 'False'}
[0m20:44:25.443793 [info ] [MainThread]: dbt version: 1.12.0
[0m20:44:25.444019 [info ] [MainThread]: python version: 3.11.15
[0m20:44:25.444179 [info ] [MainThread]: python path: /Users/shalinigoutam/Desktop/Codebasics/bootcamp-projects/atliq-commerce-data-pipeline/.venv/bin/python
[0m20:44:25.444319 [info ] [MainThread]: os info: macOS-26.5.1-arm64-arm-64bit
[0m20:44:25.961438 [debug] [MainThread]: Spark adapter: Setting pyhive.hive logging to ERROR
[0m20:44:25.961703 [debug] [MainThread]: Spark adapter: Setting thrift.transport logging to ERROR
[0m20:44:25.961849 [debug] [MainThread]: Spark adapter: Setting thrift.protocol logging to ERROR
[0m20:44:26.970420 [info ] [MainThread]: Using profiles dir at /Users/shalinigoutam/.dbt
[0m20:44:26.970704 [info ] [MainThread]: Using profiles.yml file at /Users/shalinigoutam/.dbt/profiles.yml
[0m20:44:26.970866 [info ] [MainThread]: Using dbt_project.yml file at /Users/shalinigoutam/Desktop/Codebasics/bootcamp-projects/atliq-commerce-data-pipeline/atliq_gold/dbt_project.yml
[0m20:44:26.971019 [info ] [MainThread]: adapter type: databricks
[0m20:44:26.971154 [info ] [MainThread]: adapter version: 1.12.4
[0m20:44:27.017060 [info ] [MainThread]: Configuration:
[0m20:44:27.017305 [info ] [MainThread]:   profiles.yml file [[32mOK found and valid[0m]
[0m20:44:27.017456 [info ] [MainThread]:   dbt_project.yml file [[32mOK found and valid[0m]
[0m20:44:27.017595 [info ] [MainThread]: Required dependencies:
[0m20:44:27.017787 [debug] [MainThread]: Executing "git --help"
[0m20:44:27.030046 [debug] [MainThread]: STDOUT: "b"usage: git [-v | --version] [-h | --help] [-C <path>] [-c <name>=<value>]\n           [--exec-path[=<path>]] [--html-path] [--man-path] [--info-path]\n           [-p | --paginate | -P | --no-pager] [--no-replace-objects] [--no-lazy-fetch]\n           [--no-optional-locks] [--no-advice] [--bare] [--git-dir=<path>]\n           [--work-tree=<path>] [--namespace=<name>] [--config-env=<name>=<envvar>]\n           <command> [<args>]\n\nThese are common Git commands used in various situations:\n\nstart a working area (see also: git help tutorial)\n   clone      Clone a repository into a new directory\n   init       Create an empty Git repository or reinitialize an existing one\n\nwork on the current change (see also: git help everyday)\n   add        Add file contents to the index\n   mv         Move or rename a file, a directory, or a symlink\n   restore    Restore working tree files\n   rm         Remove files from the working tree and from the index\n\nexamine the history and state (see also: git help revisions)\n   bisect     Use binary search to find the commit that introduced a bug\n   diff       Show changes between commits, commit and working tree, etc\n   grep       Print lines matching a pattern\n   log        Show commit logs\n   show       Show various types of objects\n   status     Show the working tree status\n\ngrow, mark and tweak your common history\n   backfill   Download missing objects in a partial clone\n   branch     List, create, or delete branches\n   commit     Record changes to the repository\n   merge      Join two or more development histories together\n   rebase     Reapply commits on top of another base tip\n   reset      Set `HEAD` or the index to a known state\n   switch     Switch branches\n   tag        Create, list, delete or verify tags\n\ncollaborate (see also: git help workflows)\n   fetch      Download objects and refs from another repository\n   pull       Fetch from and integrate with another repository or a local branch\n   push       Update remote refs along with associated objects\n\n'git help -a' and 'git help -g' list available subcommands and some\nconcept guides. See 'git help <command>' or 'git help <concept>'\nto read about a specific subcommand or concept.\nSee 'git help git' for an overview of the system.\n""
[0m20:44:27.030632 [debug] [MainThread]: STDERR: "b''"
[0m20:44:27.030805 [info ] [MainThread]:  - git [[32mOK found[0m]

[0m20:44:27.030993 [info ] [MainThread]: Connection:
[0m20:44:27.031205 [info ] [MainThread]:   host: adb-7405613786725931.11.azuredatabricks.net
[0m20:44:27.031358 [info ] [MainThread]:   http_path: /sql/1.0/warehouses/ca0f9a13b145c8c5
[0m20:44:27.031483 [info ] [MainThread]:   catalog: atliq
[0m20:44:27.031608 [info ] [MainThread]:   schema: gold
[0m20:44:27.031899 [info ] [MainThread]: Registered adapter: databricks=1.12.4
[0m20:44:27.121116 [debug] [MainThread]: Databricks adapter: DatabricksDBTConnection(session-id=None, name=debug) - Creating connection
[0m20:44:27.121448 [debug] [MainThread]: Acquiring new databricks connection 'debug'
[0m20:44:27.458647 [info ] [MainThread]: Databricks adapter:   SPOG host (host_type='workspace'): no
[0m20:44:27.459311 [info ] [MainThread]: Databricks adapter:   workspace_id (from ?o= in http_path): None
[0m20:44:27.459729 [info ] [MainThread]: Databricks adapter:   databricks-sql-connector version: 4.4.0 (supported)
[0m20:44:27.460121 [info ] [MainThread]: Databricks adapter:   databricks-sdk version: 0.117.0 (supported)
[0m20:44:27.460602 [debug] [MainThread]: Using databricks connection "debug"
[0m20:44:27.461071 [debug] [MainThread]: On debug: select 1 as id
[0m20:44:27.461504 [debug] [MainThread]: Opening a new connection, currently in state init
[0m20:44:28.341785 [debug] [MainThread]: Databricks adapter: Connection(session-id=01f19b17-814a-1f77-981a-364f926dfa80) - Created
[0m20:44:34.586070 [debug] [MainThread]: SQL status: OK in 7.120 seconds
[0m20:44:34.588461 [debug] [MainThread]: Databricks adapter: Cursor(session-id=01f19b17-814a-1f77-981a-364f926dfa80, command-id=01f19b17-8189-10ef-96ff-d31d8ea0fcb4) - Closing
[0m20:44:34.799921 [debug] [MainThread]: On debug: Close
[0m20:44:34.801294 [debug] [MainThread]: Databricks adapter: Connection(session-id=01f19b17-814a-1f77-981a-364f926dfa80) - Closing
[0m20:44:34.937200 [info ] [MainThread]:   Connection test: [[32mOK connection ok[0m]

[0m20:44:34.938215 [info ] [MainThread]: [32mAll checks passed![0m
[0m20:44:34.947722 [debug] [MainThread]: Resource report: {"command_name": "debug", "command_success": true, "command_wall_clock_time": 9.566655, "process_in_blocks": "0", "process_kernel_time": 0.377245, "process_mem_max_rss": "265945088", "process_out_blocks": "0", "process_user_time": 1.66113}
[0m20:44:34.948687 [debug] [MainThread]: Command `dbt debug` succeeded at 20:44:34.948491 after 9.57 seconds
[0m20:44:34.949300 [debug] [MainThread]: Sending event: {'category': 'dbt', 'action': 'invocation', 'label': 'end', 'context': [<snowplow_tracker.self_describing_json.SelfDescribingJson object at 0x10e3c60d0>, <snowplow_tracker.self_describing_json.SelfDescribingJson object at 0x10e327e50>, <snowplow_tracker.self_describing_json.SelfDescribingJson object at 0x116968050>]}
[0m20:44:34.949885 [debug] [MainThread]: Flushing usage events
[0m20:44:36.317054 [debug] [MainThread]: An error was encountered while trying to flush usage events
[0m20:45:20.248677 [debug] [MainThread]: Sending event: {'category': 'dbt', 'action': 'invocation', 'label': 'start', 'context': [<snowplow_tracker.self_describing_json.SelfDescribingJson object at 0x10c391d10>, <snowplow_tracker.self_describing_json.SelfDescribingJson object at 0x10c4909d0>, <snowplow_tracker.self_describing_json.SelfDescribingJson object at 0x10c490c90>]}


============================== 20:45:20.251563 | 6e008f4d-26af-40a5-bdcf-7c2513ec51a5 ==============================
[0m20:45:20.251563 [info ] [MainThread]: Running with dbt=1.12.0
[0m20:45:20.251890 [debug] [MainThread]: running dbt with arguments {'profiles_dir': '/Users/shalinigoutam/.dbt', 'partial_parse': 'True', 'indirect_selection': 'eager', 'warn_error_options': 'WarnErrorOptionsV2(error=[], warn=[], silence=[])', 'no_print': 'None', 'cache_selected_only': 'False', 'printer_width': '80', 'quiet': 'False', 'use_colors': 'True', 'empty': 'False', 'log_path': '/Users/shalinigoutam/Desktop/Codebasics/bootcamp-projects/atliq-commerce-data-pipeline/atliq_gold/logs', 'target_path': 'None', 'maximum_seed_size_mib': '1', 'write_json': 'True', 'warn_error': 'None', 'send_anonymous_usage_stats': 'True', 'version_check': 'True', 'introspect': 'True', 'use_experimental_parser': 'False', 'invocation_command': 'dbt build', 'log_cache_events': 'False', 'debug': 'False', 'static_parser': 'True', 'fail_fast': 'False', 'hints_enabled': 'True', 'log_format': 'default'}
[0m20:45:20.752504 [debug] [MainThread]: Spark adapter: Setting pyhive.hive logging to ERROR
[0m20:45:20.752781 [debug] [MainThread]: Spark adapter: Setting thrift.transport logging to ERROR
[0m20:45:20.752933 [debug] [MainThread]: Spark adapter: Setting thrift.protocol logging to ERROR
[0m20:45:21.448900 [debug] [MainThread]: Sending event: {'category': 'dbt', 'action': 'project_id', 'label': '6e008f4d-26af-40a5-bdcf-7c2513ec51a5', 'context': [<snowplow_tracker.self_describing_json.SelfDescribingJson object at 0x11496ed10>]}
[0m20:45:21.475671 [debug] [MainThread]: Sending event: {'category': 'dbt', 'action': 'adapter_info', 'label': '6e008f4d-26af-40a5-bdcf-7c2513ec51a5', 'context': [<snowplow_tracker.self_describing_json.SelfDescribingJson object at 0x10b1a3990>]}
[0m20:45:21.476042 [info ] [MainThread]: Registered adapter: databricks=1.12.4
[0m20:45:21.577026 [debug] [MainThread]: checksum: d06312230403c1f33ce09570357f14d2e447b3a35c12e4fba16b7a6cf48c702d, vars: {}, profile: atliq_gold, target: dev, version: 1.12.0
[0m20:45:21.577503 [info ] [MainThread]: Unable to do partial parsing because saved manifest not found. Starting full parse.
[0m20:45:21.577711 [debug] [MainThread]: Sending event: {'category': 'dbt', 'action': 'partial_parser', 'label': '6e008f4d-26af-40a5-bdcf-7c2513ec51a5', 'context': [<snowplow_tracker.self_describing_json.SelfDescribingJson object at 0x1149e77d0>]}
[0m20:45:22.448794 [warn ] [MainThread]: [[33mWARNING[0m][MissingArgumentsPropertyInGenericTestDeprecation]: Deprecated
functionality
Found top-level arguments to test `relationships` defined on 'fact_sales' in
package 'atliq_gold' (tests/schema.yml). Arguments to generic tests should be
nested under the `arguments` property.
[0m20:45:22.449128 [debug] [MainThread]: Sending event: {'category': 'dbt', 'action': 'deprecation', 'label': '6e008f4d-26af-40a5-bdcf-7c2513ec51a5', 'property_': 'warn', 'context': [<snowplow_tracker.self_describing_json.SelfDescribingJson object at 0x1151aec50>]}
[0m20:45:22.472987 [warn ] [MainThread]: [[33mWARNING[0m]: Test 'test.atliq_gold.relationships_fact_sales_customer_id__customer_id__ref_dim_customer_.bcf71bd919' (tests/schema.yml) depends on a node named 'dim_customer' in package '' which was not found
[0m20:45:22.588792 [debug] [MainThread]: Sending event: {'category': 'dbt', 'action': 'load_project', 'label': '6e008f4d-26af-40a5-bdcf-7c2513ec51a5', 'context': [<snowplow_tracker.self_describing_json.SelfDescribingJson object at 0x1148e9dd0>]}
[0m20:45:22.650049 [debug] [MainThread]: Wrote artifact WritableManifest to /Users/shalinigoutam/Desktop/Codebasics/bootcamp-projects/atliq-commerce-data-pipeline/atliq_gold/target/manifest.json
[0m20:45:22.652379 [debug] [MainThread]: Wrote artifact SemanticManifest to /Users/shalinigoutam/Desktop/Codebasics/bootcamp-projects/atliq-commerce-data-pipeline/atliq_gold/target/semantic_manifest.json
[0m20:45:22.663882 [debug] [MainThread]: Wrote artifact OsiDocument to /Users/shalinigoutam/Desktop/Codebasics/bootcamp-projects/atliq-commerce-data-pipeline/atliq_gold/target/osi_document.json
[0m20:45:22.677041 [debug] [MainThread]: Sending event: {'category': 'dbt', 'action': 'resource_counts', 'label': '6e008f4d-26af-40a5-bdcf-7c2513ec51a5', 'context': [<snowplow_tracker.self_describing_json.SelfDescribingJson object at 0x115006950>]}
[0m20:45:22.677293 [info ] [MainThread]: Found 10 models, 3 data tests, 6 sources, 773 macros
[0m20:45:22.678597 [info ] [MainThread]: 
[0m20:45:22.678849 [info ] [MainThread]: Concurrency: 1 threads (target='dev')
[0m20:45:22.679008 [info ] [MainThread]: 
[0m20:45:22.679295 [debug] [MainThread]: Databricks adapter: DatabricksDBTConnection(session-id=None, name=master) - Creating connection
[0m20:45:22.679467 [debug] [MainThread]: Acquiring new databricks connection 'master'
[0m20:45:22.682619 [debug] [ThreadPool]: Databricks adapter: DatabricksDBTConnection(session-id=None, name=list_atliq) - Creating connection
[0m20:45:22.682779 [debug] [ThreadPool]: Acquiring new databricks connection 'list_atliq'
[0m20:45:22.688398 [debug] [ThreadPool]: Using databricks connection "list_atliq"
[0m20:45:22.688627 [debug] [ThreadPool]: On list_atliq: /* {"app": "dbt", "dbt_version": "1.12.0", "dbt_databricks_version": "1.12.4", "databricks_sql_connector_version": "4.4.0", "profile_name": "atliq_gold", "target_name": "dev", "invocation_id": "6e008f4d-26af-40a5-bdcf-7c2513ec51a5", "connection_name": "list_atliq"} */

    

  SHOW SCHEMAS IN `atliq`


  
[0m20:45:22.688778 [debug] [ThreadPool]: Opening a new connection, currently in state init
[0m20:45:23.789361 [debug] [ThreadPool]: Databricks adapter: Connection(session-id=01f19b17-a258-1b28-984c-271e71f84fa1) - Created
[0m20:45:25.283473 [debug] [ThreadPool]: SQL status: OK in 2.590 seconds
[0m20:45:25.304696 [debug] [ThreadPool]: Databricks adapter: Cursor(session-id=01f19b17-a258-1b28-984c-271e71f84fa1, command-id=01f19b17-a294-1e5a-9422-5c366c7b3da7) - Closing
[0m20:45:25.305292 [debug] [ThreadPool]: On list_atliq: Close
[0m20:45:25.305536 [debug] [ThreadPool]: Databricks adapter: Connection(session-id=01f19b17-a258-1b28-984c-271e71f84fa1) - Closing
[0m20:45:25.445015 [debug] [ThreadPool]: Databricks adapter: DatabricksDBTConnection(session-id=None, name=list_atliq_gold) - Creating connection
[0m20:45:25.445834 [debug] [ThreadPool]: Acquiring new databricks connection 'list_atliq_gold'
[0m20:45:25.453417 [debug] [ThreadPool]: Using databricks connection "list_atliq_gold"
[0m20:45:25.453979 [debug] [ThreadPool]: On list_atliq_gold: /* {"app": "dbt", "dbt_version": "1.12.0", "dbt_databricks_version": "1.12.4", "databricks_sql_connector_version": "4.4.0", "profile_name": "atliq_gold", "target_name": "dev", "invocation_id": "6e008f4d-26af-40a5-bdcf-7c2513ec51a5", "connection_name": "list_atliq_gold"} */

    
SELECT
  table_name,
  if(table_type IN ('EXTERNAL', 'MANAGED', 'MANAGED_SHALLOW_CLONE', 'EXTERNAL_SHALLOW_CLONE'), 'table', lower(table_type)) AS table_type,
  lower(data_source_format) AS file_format,
  table_owner,
  if(
    table_type IN (
      'EXTERNAL',
      'MANAGED',
      'MANAGED_SHALLOW_CLONE',
      'EXTERNAL_SHALLOW_CLONE'
    ),
    lower(table_type),
    NULL
  ) AS databricks_table_type
FROM `system`.`information_schema`.`tables`
WHERE table_catalog = 'atliq'
  AND table_schema = 'gold'

  
[0m20:45:25.454429 [debug] [ThreadPool]: Opening a new connection, currently in state init
[0m20:45:25.830669 [debug] [ThreadPool]: Databricks adapter: Connection(session-id=01f19b17-a3b5-110f-86de-8bac504e1006) - Created
[0m20:45:27.835014 [debug] [ThreadPool]: SQL status: OK in 2.380 seconds
[0m20:45:27.839951 [debug] [ThreadPool]: Databricks adapter: Cursor(session-id=01f19b17-a3b5-110f-86de-8bac504e1006, command-id=01f19b17-a3cb-1f48-a331-e6dab3df7787) - Closing
[0m20:45:27.840919 [debug] [ThreadPool]: On list_atliq_gold: Close
[0m20:45:27.841354 [debug] [ThreadPool]: Databricks adapter: Connection(session-id=01f19b17-a3b5-110f-86de-8bac504e1006) - Closing
[0m20:45:27.978606 [debug] [MainThread]: Sending event: {'category': 'dbt', 'action': 'runnable_timing', 'label': '6e008f4d-26af-40a5-bdcf-7c2513ec51a5', 'context': [<snowplow_tracker.self_describing_json.SelfDescribingJson object at 0x109078210>]}
[0m20:45:27.983830 [debug] [Thread-3 (]: Began running node model.atliq_gold.dim_date
[0m20:45:27.984569 [info ] [Thread-3 (]: 1 of 7 START sql table model gold.dim_date ..................................... [RUN]
[0m20:45:27.988621 [debug] [Thread-3 (]: Databricks adapter: DatabricksDBTConnection(session-id=None, name=model.atliq_gold.dim_date) - Creating connection
[0m20:45:27.989046 [debug] [Thread-3 (]: Acquiring new databricks connection 'model.atliq_gold.dim_date'
[0m20:45:27.989394 [debug] [Thread-3 (]: Began compiling node model.atliq_gold.dim_date
[0m20:45:27.996547 [debug] [Thread-3 (]: Writing injected SQL for node "model.atliq_gold.dim_date"
[0m20:45:27.998207 [debug] [Thread-3 (]: Began executing node model.atliq_gold.dim_date
[0m20:45:28.013055 [debug] [Thread-3 (]: MATERIALIZING TABLE
[0m20:45:28.035786 [debug] [Thread-3 (]: Using databricks connection "model.atliq_gold.dim_date"
[0m20:45:28.036114 [debug] [Thread-3 (]: On model.atliq_gold.dim_date: /* {"app": "dbt", "dbt_version": "1.12.0", "dbt_databricks_version": "1.12.4", "databricks_sql_connector_version": "4.4.0", "profile_name": "atliq_gold", "target_name": "dev", "invocation_id": "6e008f4d-26af-40a5-bdcf-7c2513ec51a5", "node_id": "model.atliq_gold.dim_date"} */
SELECT
    table_catalog,
    table_schema,
    table_name,
    filter_name,
    target_columns
  FROM `atliq`.`information_schema`.`row_filters`
  WHERE table_catalog = 'atliq'
    AND table_schema = 'gold'
    AND table_name = 'dim_date'
[0m20:45:28.036353 [debug] [Thread-3 (]: Opening a new connection, currently in state init
[0m20:45:28.396356 [debug] [Thread-3 (]: Databricks adapter: Connection(session-id=01f19b17-a53d-14db-aa96-1f5f5236c5ce) - Created
[0m20:45:29.155775 [debug] [Thread-3 (]: SQL status: OK in 1.120 seconds
[0m20:45:29.158937 [debug] [Thread-3 (]: Databricks adapter: Cursor(session-id=01f19b17-a53d-14db-aa96-1f5f5236c5ce, command-id=01f19b17-a554-1049-ab89-dcde6db917f3) - Closing
[0m20:45:29.177202 [debug] [Thread-3 (]: Writing runtime sql for node "model.atliq_gold.dim_date"
[0m20:45:29.178061 [debug] [Thread-3 (]: Using databricks connection "model.atliq_gold.dim_date"
[0m20:45:29.178348 [debug] [Thread-3 (]: On model.atliq_gold.dim_date: /* {"app": "dbt", "dbt_version": "1.12.0", "dbt_databricks_version": "1.12.4", "databricks_sql_connector_version": "4.4.0", "profile_name": "atliq_gold", "target_name": "dev", "invocation_id": "6e008f4d-26af-40a5-bdcf-7c2513ec51a5", "node_id": "model.atliq_gold.dim_date"} */

  
    
        create or replace table `atliq`.`gold`.`dim_date`
      
      
    using delta
  
      
      
      
      
      
      location 'abfss://lakehouse@atliqcommerce.dfs.core.windows.net/gold/dim_date'
      
      
      as
      WITH date_spine AS (

    SELECT
        explode(
            sequence(
                to_date('2024-01-01'),
                to_date('2026-12-31'),
                interval 1 day
            )
        ) AS date_day

)

SELECT
    date_day,
    CAST(date_format(date_day, 'yyyyMMdd') AS INT) AS date_key,
    year(date_day) AS year,
    quarter(date_day) AS quarter,
    month(date_day) AS month,
    monthname(date_day) AS month_name,
    weekofyear(date_day) AS week_of_year,
    dayofmonth(date_day) AS day_of_month,
    dayofweek(date_day) AS day_of_week,
    dayname(date_day) AS day_name

FROM date_spine
  
[0m20:45:35.481946 [debug] [Thread-3 (]: SQL status: OK in 6.300 seconds
[0m20:45:35.485000 [debug] [Thread-3 (]: Databricks adapter: Cursor(session-id=01f19b17-a53d-14db-aa96-1f5f5236c5ce, command-id=01f19b17-a5ca-1e3b-96fc-1ed7d6914249) - Closing
[0m20:45:35.658483 [debug] [Thread-3 (]: Applying tags to relation None
[0m20:45:35.674346 [debug] [Thread-3 (]: On model.atliq_gold.dim_date: Close
[0m20:45:35.674637 [debug] [Thread-3 (]: Databricks adapter: Connection(session-id=01f19b17-a53d-14db-aa96-1f5f5236c5ce) - Closing
[0m20:45:35.797765 [debug] [Thread-3 (]: Sending event: {'category': 'dbt', 'action': 'run_model', 'label': '6e008f4d-26af-40a5-bdcf-7c2513ec51a5', 'context': [<snowplow_tracker.self_describing_json.SelfDescribingJson object at 0x1152a3150>]}
[0m20:45:35.798662 [info ] [Thread-3 (]: 1 of 7 OK created sql table model gold.dim_date ................................ [[32mOK[0m in 7.81s]
[0m20:45:35.799364 [debug] [Thread-3 (]: Finished running node model.atliq_gold.dim_date
[0m20:45:35.799844 [debug] [Thread-3 (]: Began running node model.atliq_gold.stg_customers
[0m20:45:35.800654 [debug] [Thread-3 (]: Databricks adapter: DatabricksDBTConnection(session-id=None, name=model.atliq_gold.stg_customers) - Creating connection
[0m20:45:35.801198 [debug] [Thread-3 (]: Acquiring new databricks connection 'model.atliq_gold.stg_customers'
[0m20:45:35.801655 [debug] [Thread-3 (]: Began compiling node model.atliq_gold.stg_customers
[0m20:45:35.803702 [debug] [Thread-3 (]: Writing injected SQL for node "model.atliq_gold.stg_customers"
[0m20:45:35.804907 [debug] [Thread-3 (]: Finished running node model.atliq_gold.stg_customers
[0m20:45:35.805387 [debug] [Thread-3 (]: Began running node model.atliq_gold.stg_order_items
[0m20:45:35.806158 [debug] [Thread-3 (]: Databricks adapter: DatabricksDBTConnection(session-id=None, name=model.atliq_gold.stg_order_items) - Creating connection
[0m20:45:35.806574 [debug] [Thread-3 (]: Acquiring new databricks connection 'model.atliq_gold.stg_order_items'
[0m20:45:35.806993 [debug] [Thread-3 (]: Began compiling node model.atliq_gold.stg_order_items
[0m20:45:35.808847 [debug] [Thread-3 (]: Writing injected SQL for node "model.atliq_gold.stg_order_items"
[0m20:45:35.809957 [debug] [Thread-3 (]: Finished running node model.atliq_gold.stg_order_items
[0m20:45:35.810270 [debug] [Thread-3 (]: Began running node model.atliq_gold.stg_orders
[0m20:45:35.810720 [debug] [Thread-3 (]: Databricks adapter: DatabricksDBTConnection(session-id=None, name=model.atliq_gold.stg_orders) - Creating connection
[0m20:45:35.811125 [debug] [Thread-3 (]: Acquiring new databricks connection 'model.atliq_gold.stg_orders'
[0m20:45:35.811471 [debug] [Thread-3 (]: Began compiling node model.atliq_gold.stg_orders
[0m20:45:35.813197 [debug] [Thread-3 (]: Writing injected SQL for node "model.atliq_gold.stg_orders"
[0m20:45:35.814148 [debug] [Thread-3 (]: Finished running node model.atliq_gold.stg_orders
[0m20:45:35.814458 [debug] [Thread-3 (]: Began running node model.atliq_gold.stg_payments
[0m20:45:35.814957 [debug] [Thread-3 (]: Databricks adapter: DatabricksDBTConnection(session-id=None, name=model.atliq_gold.stg_payments) - Creating connection
[0m20:45:35.815238 [debug] [Thread-3 (]: Acquiring new databricks connection 'model.atliq_gold.stg_payments'
[0m20:45:35.815498 [debug] [Thread-3 (]: Began compiling node model.atliq_gold.stg_payments
[0m20:45:35.816738 [debug] [Thread-3 (]: Writing injected SQL for node "model.atliq_gold.stg_payments"
[0m20:45:35.817588 [debug] [Thread-3 (]: Finished running node model.atliq_gold.stg_payments
[0m20:45:35.817897 [debug] [Thread-3 (]: Began running node model.atliq_gold.stg_products
[0m20:45:35.818296 [debug] [Thread-3 (]: Databricks adapter: DatabricksDBTConnection(session-id=None, name=model.atliq_gold.stg_products) - Creating connection
[0m20:45:35.818557 [debug] [Thread-3 (]: Acquiring new databricks connection 'model.atliq_gold.stg_products'
[0m20:45:35.818821 [debug] [Thread-3 (]: Began compiling node model.atliq_gold.stg_products
[0m20:45:35.820022 [debug] [Thread-3 (]: Writing injected SQL for node "model.atliq_gold.stg_products"
[0m20:45:35.820777 [debug] [Thread-3 (]: Finished running node model.atliq_gold.stg_products
[0m20:45:35.821052 [debug] [Thread-3 (]: Began running node model.atliq_gold.stg_supplier_price_list
[0m20:45:35.821425 [debug] [Thread-3 (]: Databricks adapter: DatabricksDBTConnection(session-id=None, name=model.atliq_gold.stg_supplier_price_list) - Creating connection
[0m20:45:35.821673 [debug] [Thread-3 (]: Acquiring new databricks connection 'model.atliq_gold.stg_supplier_price_list'
[0m20:45:35.821902 [debug] [Thread-3 (]: Began compiling node model.atliq_gold.stg_supplier_price_list
[0m20:45:35.823231 [debug] [Thread-3 (]: Writing injected SQL for node "model.atliq_gold.stg_supplier_price_list"
[0m20:45:35.823859 [debug] [Thread-3 (]: Finished running node model.atliq_gold.stg_supplier_price_list
[0m20:45:35.824110 [debug] [Thread-3 (]: Began running node model.atliq_gold.dim_customers
[0m20:45:35.824462 [info ] [Thread-3 (]: 2 of 7 START sql table model gold.dim_customers ................................ [RUN]
[0m20:45:35.824808 [debug] [Thread-3 (]: Databricks adapter: DatabricksDBTConnection(session-id=None, name=model.atliq_gold.dim_customers) - Creating connection
[0m20:45:35.825028 [debug] [Thread-3 (]: Acquiring new databricks connection 'model.atliq_gold.dim_customers'
[0m20:45:35.825239 [debug] [Thread-3 (]: Began compiling node model.atliq_gold.dim_customers
[0m20:45:35.827076 [debug] [Thread-3 (]: Writing injected SQL for node "model.atliq_gold.dim_customers"
[0m20:45:35.827527 [debug] [Thread-3 (]: Began executing node model.atliq_gold.dim_customers
[0m20:45:35.828923 [debug] [Thread-3 (]: MATERIALIZING TABLE
[0m20:45:35.830320 [debug] [Thread-3 (]: Using databricks connection "model.atliq_gold.dim_customers"
[0m20:45:35.830715 [debug] [Thread-3 (]: On model.atliq_gold.dim_customers: /* {"app": "dbt", "dbt_version": "1.12.0", "dbt_databricks_version": "1.12.4", "databricks_sql_connector_version": "4.4.0", "profile_name": "atliq_gold", "target_name": "dev", "invocation_id": "6e008f4d-26af-40a5-bdcf-7c2513ec51a5", "node_id": "model.atliq_gold.dim_customers"} */
SELECT
    table_catalog,
    table_schema,
    table_name,
    filter_name,
    target_columns
  FROM `atliq`.`information_schema`.`row_filters`
  WHERE table_catalog = 'atliq'
    AND table_schema = 'gold'
    AND table_name = 'dim_customers'
[0m20:45:35.831001 [debug] [Thread-3 (]: Opening a new connection, currently in state init
[0m20:45:36.180490 [debug] [Thread-3 (]: Databricks adapter: Connection(session-id=01f19b17-a9e2-1a36-aa8f-339bc49c7fa0) - Created
[0m20:45:36.736471 [debug] [Thread-3 (]: SQL status: OK in 0.910 seconds
[0m20:45:36.739735 [debug] [Thread-3 (]: Databricks adapter: Cursor(session-id=01f19b17-a9e2-1a36-aa8f-339bc49c7fa0, command-id=01f19b17-a9f7-1652-a847-d82948e1223e) - Closing
[0m20:45:36.743094 [debug] [Thread-3 (]: Writing runtime sql for node "model.atliq_gold.dim_customers"
[0m20:45:36.743991 [debug] [Thread-3 (]: Using databricks connection "model.atliq_gold.dim_customers"
[0m20:45:36.744434 [debug] [Thread-3 (]: On model.atliq_gold.dim_customers: /* {"app": "dbt", "dbt_version": "1.12.0", "dbt_databricks_version": "1.12.4", "databricks_sql_connector_version": "4.4.0", "profile_name": "atliq_gold", "target_name": "dev", "invocation_id": "6e008f4d-26af-40a5-bdcf-7c2513ec51a5", "node_id": "model.atliq_gold.dim_customers"} */

  
    
        create or replace table `atliq`.`gold`.`dim_customers`
      
      
    using delta
  
      
      
      
      
      
      location 'abfss://lakehouse@atliqcommerce.dfs.core.windows.net/gold/dim_customers'
      
      
      as
      with __dbt__cte__stg_customers as (
SELECT 
    customer_id, 
    customer_name, 
    email, 
    city,
    signup_date
FROM `atliq`.`silver`.`customers`
) -- models/gold/dim_customer.sql

SELECT
    customer_id,
    customer_name,
    email,
    city,
    signup_date

FROM __dbt__cte__stg_customers
  
[0m20:45:39.294580 [debug] [Thread-3 (]: SQL status: OK in 2.550 seconds
[0m20:45:39.295682 [debug] [Thread-3 (]: Databricks adapter: Cursor(session-id=01f19b17-a9e2-1a36-aa8f-339bc49c7fa0, command-id=01f19b17-aa4e-1e84-93bc-49c80ff9ebcf) - Closing
[0m20:45:39.296824 [debug] [Thread-3 (]: Applying tags to relation None
[0m20:45:39.298383 [debug] [Thread-3 (]: On model.atliq_gold.dim_customers: Close
[0m20:45:39.298700 [debug] [Thread-3 (]: Databricks adapter: Connection(session-id=01f19b17-a9e2-1a36-aa8f-339bc49c7fa0) - Closing
[0m20:45:39.439067 [debug] [Thread-3 (]: Sending event: {'category': 'dbt', 'action': 'run_model', 'label': '6e008f4d-26af-40a5-bdcf-7c2513ec51a5', 'context': [<snowplow_tracker.self_describing_json.SelfDescribingJson object at 0x114d2b3d0>]}
[0m20:45:39.439596 [info ] [Thread-3 (]: 2 of 7 OK created sql table model gold.dim_customers ........................... [[32mOK[0m in 3.61s]
[0m20:45:39.439933 [debug] [Thread-3 (]: Finished running node model.atliq_gold.dim_customers
[0m20:45:39.440165 [debug] [Thread-3 (]: Began running node model.atliq_gold.fact_sales
[0m20:45:39.440502 [info ] [Thread-3 (]: 3 of 7 START sql table model gold.fact_sales ................................... [RUN]
[0m20:45:39.440911 [debug] [Thread-3 (]: Databricks adapter: DatabricksDBTConnection(session-id=None, name=model.atliq_gold.fact_sales) - Creating connection
[0m20:45:39.441132 [debug] [Thread-3 (]: Acquiring new databricks connection 'model.atliq_gold.fact_sales'
[0m20:45:39.441329 [debug] [Thread-3 (]: Began compiling node model.atliq_gold.fact_sales
[0m20:45:39.444342 [debug] [Thread-3 (]: Writing injected SQL for node "model.atliq_gold.fact_sales"
[0m20:45:39.444869 [debug] [Thread-3 (]: Began executing node model.atliq_gold.fact_sales
[0m20:45:39.445848 [debug] [Thread-3 (]: MATERIALIZING TABLE
[0m20:45:39.447167 [debug] [Thread-3 (]: Using databricks connection "model.atliq_gold.fact_sales"
[0m20:45:39.447507 [debug] [Thread-3 (]: On model.atliq_gold.fact_sales: /* {"app": "dbt", "dbt_version": "1.12.0", "dbt_databricks_version": "1.12.4", "databricks_sql_connector_version": "4.4.0", "profile_name": "atliq_gold", "target_name": "dev", "invocation_id": "6e008f4d-26af-40a5-bdcf-7c2513ec51a5", "node_id": "model.atliq_gold.fact_sales"} */
SELECT
    table_catalog,
    table_schema,
    table_name,
    filter_name,
    target_columns
  FROM `atliq`.`information_schema`.`row_filters`
  WHERE table_catalog = 'atliq'
    AND table_schema = 'gold'
    AND table_name = 'fact_sales'
[0m20:45:39.447750 [debug] [Thread-3 (]: Opening a new connection, currently in state init
[0m20:45:39.789480 [debug] [Thread-3 (]: Databricks adapter: Connection(session-id=01f19b17-ac0a-1d2e-a20f-81f5cbc3d038) - Created
[0m20:45:40.421197 [debug] [Thread-3 (]: SQL status: OK in 0.970 seconds
[0m20:45:40.425551 [debug] [Thread-3 (]: Databricks adapter: Cursor(session-id=01f19b17-ac0a-1d2e-a20f-81f5cbc3d038, command-id=01f19b17-ac1e-1676-862f-892ab9e55897) - Closing
[0m20:45:40.429251 [debug] [Thread-3 (]: Writing runtime sql for node "model.atliq_gold.fact_sales"
[0m20:45:40.430375 [debug] [Thread-3 (]: Using databricks connection "model.atliq_gold.fact_sales"
[0m20:45:40.430897 [debug] [Thread-3 (]: On model.atliq_gold.fact_sales: /* {"app": "dbt", "dbt_version": "1.12.0", "dbt_databricks_version": "1.12.4", "databricks_sql_connector_version": "4.4.0", "profile_name": "atliq_gold", "target_name": "dev", "invocation_id": "6e008f4d-26af-40a5-bdcf-7c2513ec51a5", "node_id": "model.atliq_gold.fact_sales"} */

  
    
        create or replace table `atliq`.`gold`.`fact_sales`
      
      
    using delta
  
      
      
      
      
      
      location 'abfss://lakehouse@atliqcommerce.dfs.core.windows.net/gold/fact_sales'
      
      
      as
      with __dbt__cte__stg_order_items as (
SELECT 
    order_item_id, 
    order_id, 
    product_id, 
    quantity,
    item_price
FROM `atliq`.`silver`.`order_items`
),  __dbt__cte__stg_orders as (
-- models/staging/stg_orders.sql
SELECT 
    order_id, 
    customer_id, 
    order_date, 
    status, 
    order_amount
FROM 
    `atliq`.`silver`.`orders`
) -- models/gold/fact_sales.sql
-- Grain: one row per order item



SELECT
    oi.order_item_id,
    o.order_id,
    o.customer_id,
    oi.product_id,
    o.order_date,
    oi.quantity,
    oi.item_price,
    oi.quantity * oi.item_price AS gross_revenue,
    o.status

FROM __dbt__cte__stg_order_items AS oi

INNER JOIN __dbt__cte__stg_orders AS o
    ON oi.order_id = o.order_id
  
[0m20:45:45.985345 [debug] [Thread-3 (]: SQL status: OK in 5.550 seconds
[0m20:45:45.988018 [debug] [Thread-3 (]: Databricks adapter: Cursor(session-id=01f19b17-ac0a-1d2e-a20f-81f5cbc3d038, command-id=01f19b17-ac80-12e8-80e8-8094004f3089) - Closing
[0m20:45:46.143079 [debug] [Thread-3 (]: Applying tags to relation None
[0m20:45:46.147323 [debug] [Thread-3 (]: On model.atliq_gold.fact_sales: Close
[0m20:45:46.147881 [debug] [Thread-3 (]: Databricks adapter: Connection(session-id=01f19b17-ac0a-1d2e-a20f-81f5cbc3d038) - Closing
[0m20:45:46.286881 [debug] [Thread-3 (]: Sending event: {'category': 'dbt', 'action': 'run_model', 'label': '6e008f4d-26af-40a5-bdcf-7c2513ec51a5', 'context': [<snowplow_tracker.self_describing_json.SelfDescribingJson object at 0x114ebcb90>]}
[0m20:45:46.288331 [info ] [Thread-3 (]: 3 of 7 OK created sql table model gold.fact_sales .............................. [[32mOK[0m in 6.85s]
[0m20:45:46.289323 [debug] [Thread-3 (]: Finished running node model.atliq_gold.fact_sales
[0m20:45:46.289990 [debug] [Thread-3 (]: Began running node model.atliq_gold.dim_products
[0m20:45:46.291121 [info ] [Thread-3 (]: 4 of 7 START sql table model gold.dim_products ................................. [RUN]
[0m20:45:46.292007 [debug] [Thread-3 (]: Databricks adapter: DatabricksDBTConnection(session-id=None, name=model.atliq_gold.dim_products) - Creating connection
[0m20:45:46.292485 [debug] [Thread-3 (]: Acquiring new databricks connection 'model.atliq_gold.dim_products'
[0m20:45:46.292925 [debug] [Thread-3 (]: Began compiling node model.atliq_gold.dim_products
[0m20:45:46.300354 [debug] [Thread-3 (]: Writing injected SQL for node "model.atliq_gold.dim_products"
[0m20:45:46.301999 [debug] [Thread-3 (]: Began executing node model.atliq_gold.dim_products
[0m20:45:46.304138 [debug] [Thread-3 (]: MATERIALIZING TABLE
[0m20:45:46.306207 [debug] [Thread-3 (]: Using databricks connection "model.atliq_gold.dim_products"
[0m20:45:46.306799 [debug] [Thread-3 (]: On model.atliq_gold.dim_products: /* {"app": "dbt", "dbt_version": "1.12.0", "dbt_databricks_version": "1.12.4", "databricks_sql_connector_version": "4.4.0", "profile_name": "atliq_gold", "target_name": "dev", "invocation_id": "6e008f4d-26af-40a5-bdcf-7c2513ec51a5", "node_id": "model.atliq_gold.dim_products"} */
SELECT
    table_catalog,
    table_schema,
    table_name,
    filter_name,
    target_columns
  FROM `atliq`.`information_schema`.`row_filters`
  WHERE table_catalog = 'atliq'
    AND table_schema = 'gold'
    AND table_name = 'dim_products'
[0m20:45:46.307246 [debug] [Thread-3 (]: Opening a new connection, currently in state init
[0m20:45:46.644173 [debug] [Thread-3 (]: Databricks adapter: Connection(session-id=01f19b17-b022-1193-8e16-2d415be892f1) - Created
[0m20:45:47.186719 [debug] [Thread-3 (]: SQL status: OK in 0.880 seconds
[0m20:45:47.192288 [debug] [Thread-3 (]: Databricks adapter: Cursor(session-id=01f19b17-b022-1193-8e16-2d415be892f1, command-id=01f19b17-b034-189d-973f-cb2b11e45f32) - Closing
[0m20:45:47.195791 [debug] [Thread-3 (]: Writing runtime sql for node "model.atliq_gold.dim_products"
[0m20:45:47.196759 [debug] [Thread-3 (]: Using databricks connection "model.atliq_gold.dim_products"
[0m20:45:47.197237 [debug] [Thread-3 (]: On model.atliq_gold.dim_products: /* {"app": "dbt", "dbt_version": "1.12.0", "dbt_databricks_version": "1.12.4", "databricks_sql_connector_version": "4.4.0", "profile_name": "atliq_gold", "target_name": "dev", "invocation_id": "6e008f4d-26af-40a5-bdcf-7c2513ec51a5", "node_id": "model.atliq_gold.dim_products"} */

  
    
        create or replace table `atliq`.`gold`.`dim_products`
      
      
    using delta
  
      
      
      
      
      
      location 'abfss://lakehouse@atliqcommerce.dfs.core.windows.net/gold/dim_products'
      
      
      as
      with __dbt__cte__stg_products as (
SELECT 
    product_id, 
    product_name, 
    category, 
    unit_price
FROM `atliq`.`silver`.`products`
),  __dbt__cte__stg_supplier_price_list as (
SELECT 
    product_id, 
    product_name, 
    supplier_name,
    supplier_cost,
    effective_date
FROM `atliq`.`silver`.`supplier_price_list`
) -- models/gold/dim_product.sql

SELECT
    p.product_id,
    p.product_name,
    p.category,
    p.unit_price,
    s.supplier_cost,
    (p.unit_price - s.supplier_cost) AS unit_margin

FROM __dbt__cte__stg_products AS p

LEFT JOIN __dbt__cte__stg_supplier_price_list AS s
    ON p.product_id = s.product_id
  
[0m20:45:52.100712 [debug] [Thread-3 (]: SQL status: OK in 4.900 seconds
[0m20:45:52.104389 [debug] [Thread-3 (]: Databricks adapter: Cursor(session-id=01f19b17-b022-1193-8e16-2d415be892f1, command-id=01f19b17-b088-1a99-a158-9ee38fbb16e0) - Closing
[0m20:45:52.107425 [debug] [Thread-3 (]: Applying tags to relation None
[0m20:45:52.110784 [debug] [Thread-3 (]: On model.atliq_gold.dim_products: Close
[0m20:45:52.111457 [debug] [Thread-3 (]: Databricks adapter: Connection(session-id=01f19b17-b022-1193-8e16-2d415be892f1) - Closing
[0m20:45:52.228351 [debug] [Thread-3 (]: Sending event: {'category': 'dbt', 'action': 'run_model', 'label': '6e008f4d-26af-40a5-bdcf-7c2513ec51a5', 'context': [<snowplow_tracker.self_describing_json.SelfDescribingJson object at 0x115325b50>]}
[0m20:45:52.229362 [info ] [Thread-3 (]: 4 of 7 OK created sql table model gold.dim_products ............................ [[32mOK[0m in 5.94s]
[0m20:45:52.230180 [debug] [Thread-3 (]: Finished running node model.atliq_gold.dim_products
[0m20:45:52.230618 [debug] [Thread-3 (]: Began running node test.atliq_gold.not_null_fact_sales_order_item_id.7707ac1abf
[0m20:45:52.231156 [info ] [Thread-3 (]: 5 of 7 START test not_null_fact_sales_order_item_id ............................ [RUN]
[0m20:45:52.231837 [debug] [Thread-3 (]: Databricks adapter: DatabricksDBTConnection(session-id=None, name=test.atliq_gold.not_null_fact_sales_order_item_id.7707ac1abf) - Creating connection
[0m20:45:52.232268 [debug] [Thread-3 (]: Acquiring new databricks connection 'test.atliq_gold.not_null_fact_sales_order_item_id.7707ac1abf'
[0m20:45:52.232626 [debug] [Thread-3 (]: Began compiling node test.atliq_gold.not_null_fact_sales_order_item_id.7707ac1abf
[0m20:45:52.255935 [debug] [Thread-3 (]: Writing injected SQL for node "test.atliq_gold.not_null_fact_sales_order_item_id.7707ac1abf"
[0m20:45:52.256794 [debug] [Thread-3 (]: Began executing node test.atliq_gold.not_null_fact_sales_order_item_id.7707ac1abf
[0m20:45:52.267785 [debug] [Thread-3 (]: Writing runtime sql for node "test.atliq_gold.not_null_fact_sales_order_item_id.7707ac1abf"
[0m20:45:52.268413 [debug] [Thread-3 (]: Using databricks connection "test.atliq_gold.not_null_fact_sales_order_item_id.7707ac1abf"
[0m20:45:52.268657 [debug] [Thread-3 (]: On test.atliq_gold.not_null_fact_sales_order_item_id.7707ac1abf: /* {"app": "dbt", "dbt_version": "1.12.0", "dbt_databricks_version": "1.12.4", "databricks_sql_connector_version": "4.4.0", "profile_name": "atliq_gold", "target_name": "dev", "invocation_id": "6e008f4d-26af-40a5-bdcf-7c2513ec51a5", "node_id": "test.atliq_gold.not_null_fact_sales_order_item_id.7707ac1abf"} */

    
    select
      count(*) as failures,
      count(*) != 0 as should_warn,
      count(*) != 0 as should_error
    from (
      
    
  
    
    



select order_item_id
from `atliq`.`gold`.`fact_sales`
where order_item_id is null



  
  
      
    ) dbt_internal_test
[0m20:45:52.268874 [debug] [Thread-3 (]: Opening a new connection, currently in state init
[0m20:45:52.583713 [debug] [Thread-3 (]: Databricks adapter: Connection(session-id=01f19b17-b3ae-133a-b768-9c23314c89fc) - Created
[0m20:45:53.226697 [debug] [Thread-3 (]: SQL status: OK in 0.960 seconds
[0m20:45:53.233068 [debug] [Thread-3 (]: Databricks adapter: Cursor(session-id=01f19b17-b3ae-133a-b768-9c23314c89fc, command-id=01f19b17-b3bf-1528-b923-5d7c32ffdc5d) - Closing
[0m20:45:53.236306 [debug] [Thread-3 (]: On test.atliq_gold.not_null_fact_sales_order_item_id.7707ac1abf: Close
[0m20:45:53.236752 [debug] [Thread-3 (]: Databricks adapter: Connection(session-id=01f19b17-b3ae-133a-b768-9c23314c89fc) - Closing
[0m20:45:53.367604 [info ] [Thread-3 (]: 5 of 7 PASS not_null_fact_sales_order_item_id .................................. [[32mPASS[0m in 1.14s]
[0m20:45:53.368868 [debug] [Thread-3 (]: Finished running node test.atliq_gold.not_null_fact_sales_order_item_id.7707ac1abf
[0m20:45:53.369832 [debug] [Thread-3 (]: Began running node test.atliq_gold.unique_fact_sales_order_item_id.4f7c479761
[0m20:45:53.370603 [info ] [Thread-3 (]: 6 of 7 START test unique_fact_sales_order_item_id .............................. [RUN]
[0m20:45:53.371596 [debug] [Thread-3 (]: Databricks adapter: DatabricksDBTConnection(session-id=None, name=test.atliq_gold.unique_fact_sales_order_item_id.4f7c479761) - Creating connection
[0m20:45:53.372075 [debug] [Thread-3 (]: Acquiring new databricks connection 'test.atliq_gold.unique_fact_sales_order_item_id.4f7c479761'
[0m20:45:53.372512 [debug] [Thread-3 (]: Began compiling node test.atliq_gold.unique_fact_sales_order_item_id.4f7c479761
[0m20:45:53.390509 [debug] [Thread-3 (]: Writing injected SQL for node "test.atliq_gold.unique_fact_sales_order_item_id.4f7c479761"
[0m20:45:53.391312 [debug] [Thread-3 (]: Began executing node test.atliq_gold.unique_fact_sales_order_item_id.4f7c479761
[0m20:45:53.393016 [debug] [Thread-3 (]: Writing runtime sql for node "test.atliq_gold.unique_fact_sales_order_item_id.4f7c479761"
[0m20:45:53.393774 [debug] [Thread-3 (]: Using databricks connection "test.atliq_gold.unique_fact_sales_order_item_id.4f7c479761"
[0m20:45:53.394134 [debug] [Thread-3 (]: On test.atliq_gold.unique_fact_sales_order_item_id.4f7c479761: /* {"app": "dbt", "dbt_version": "1.12.0", "dbt_databricks_version": "1.12.4", "databricks_sql_connector_version": "4.4.0", "profile_name": "atliq_gold", "target_name": "dev", "invocation_id": "6e008f4d-26af-40a5-bdcf-7c2513ec51a5", "node_id": "test.atliq_gold.unique_fact_sales_order_item_id.4f7c479761"} */

    
    select
      count(*) as failures,
      count(*) != 0 as should_warn,
      count(*) != 0 as should_error
    from (
      
    
  
    
    

select
    order_item_id as unique_field,
    count(*) as n_records

from `atliq`.`gold`.`fact_sales`
where order_item_id is not null
group by order_item_id
having count(*) > 1



  
  
      
    ) dbt_internal_test
[0m20:45:53.394554 [debug] [Thread-3 (]: Opening a new connection, currently in state init
[0m20:45:53.737081 [debug] [Thread-3 (]: Databricks adapter: Connection(session-id=01f19b17-b45b-1f3a-8b7f-218d78bca3d8) - Created
[0m20:45:54.454715 [debug] [Thread-3 (]: SQL status: OK in 1.060 seconds
[0m20:45:54.459388 [debug] [Thread-3 (]: Databricks adapter: Cursor(session-id=01f19b17-b45b-1f3a-8b7f-218d78bca3d8, command-id=01f19b17-b46e-1914-8085-147fd19723e7) - Closing
[0m20:45:54.460737 [debug] [Thread-3 (]: On test.atliq_gold.unique_fact_sales_order_item_id.4f7c479761: Close
[0m20:45:54.461369 [debug] [Thread-3 (]: Databricks adapter: Connection(session-id=01f19b17-b45b-1f3a-8b7f-218d78bca3d8) - Closing
[0m20:45:54.595416 [info ] [Thread-3 (]: 6 of 7 PASS unique_fact_sales_order_item_id .................................... [[32mPASS[0m in 1.22s]
[0m20:45:54.596132 [debug] [Thread-3 (]: Finished running node test.atliq_gold.unique_fact_sales_order_item_id.4f7c479761
[0m20:45:54.596539 [debug] [Thread-3 (]: Began running node test.atliq_gold.relationships_fact_sales_product_id__product_id__ref_dim_products_.c768410e5b
[0m20:45:54.596941 [info ] [Thread-3 (]: 7 of 7 START test relationships_fact_sales_product_id__product_id__ref_dim_products_  [RUN]
[0m20:45:54.597492 [debug] [Thread-3 (]: Databricks adapter: DatabricksDBTConnection(session-id=None, name=test.atliq_gold.relationships_fact_sales_product_id__product_id__ref_dim_products_.c768410e5b) - Creating connection
[0m20:45:54.597797 [debug] [Thread-3 (]: Acquiring new databricks connection 'test.atliq_gold.relationships_fact_sales_product_id__product_id__ref_dim_products_.c768410e5b'
[0m20:45:54.598061 [debug] [Thread-3 (]: Began compiling node test.atliq_gold.relationships_fact_sales_product_id__product_id__ref_dim_products_.c768410e5b
[0m20:45:54.615004 [debug] [Thread-3 (]: Writing injected SQL for node "test.atliq_gold.relationships_fact_sales_product_id__product_id__ref_dim_products_.c768410e5b"
[0m20:45:54.615717 [debug] [Thread-3 (]: Began executing node test.atliq_gold.relationships_fact_sales_product_id__product_id__ref_dim_products_.c768410e5b
[0m20:45:54.619824 [debug] [Thread-3 (]: Writing runtime sql for node "test.atliq_gold.relationships_fact_sales_product_id__product_id__ref_dim_products_.c768410e5b"
[0m20:45:54.620743 [debug] [Thread-3 (]: Using databricks connection "test.atliq_gold.relationships_fact_sales_product_id__product_id__ref_dim_products_.c768410e5b"
[0m20:45:54.621175 [debug] [Thread-3 (]: On test.atliq_gold.relationships_fact_sales_product_id__product_id__ref_dim_products_.c768410e5b: /* {"app": "dbt", "dbt_version": "1.12.0", "dbt_databricks_version": "1.12.4", "databricks_sql_connector_version": "4.4.0", "profile_name": "atliq_gold", "target_name": "dev", "invocation_id": "6e008f4d-26af-40a5-bdcf-7c2513ec51a5", "node_id": "test.atliq_gold.relationships_fact_sales_product_id__product_id__ref_dim_products_.c768410e5b"} */

    
    select
      count(*) as failures,
      count(*) != 0 as should_warn,
      count(*) != 0 as should_error
    from (
      
    
  
    
    

with child as (
    select product_id as from_field
    from `atliq`.`gold`.`fact_sales`
    where product_id is not null
),

parent as (
    select product_id as to_field
    from `atliq`.`gold`.`dim_products`
)

select
    from_field

from child
left join parent
    on child.from_field = parent.to_field

where parent.to_field is null



  
  
      
    ) dbt_internal_test
[0m20:45:54.621494 [debug] [Thread-3 (]: Opening a new connection, currently in state init
[0m20:45:54.959604 [debug] [Thread-3 (]: Databricks adapter: Connection(session-id=01f19b17-b516-1c99-9296-63c8c9ea9e74) - Created
[0m20:45:55.888809 [debug] [Thread-3 (]: SQL status: OK in 1.270 seconds
[0m20:45:55.896071 [debug] [Thread-3 (]: Databricks adapter: Cursor(session-id=01f19b17-b516-1c99-9296-63c8c9ea9e74, command-id=01f19b17-b529-1a65-9c6b-74d7cb8f54d5) - Closing
[0m20:45:55.899690 [debug] [Thread-3 (]: On test.atliq_gold.relationships_fact_sales_product_id__product_id__ref_dim_products_.c768410e5b: Close
[0m20:45:55.900269 [debug] [Thread-3 (]: Databricks adapter: Connection(session-id=01f19b17-b516-1c99-9296-63c8c9ea9e74) - Closing
[0m20:45:56.033861 [info ] [Thread-3 (]: 7 of 7 PASS relationships_fact_sales_product_id__product_id__ref_dim_products_ . [[32mPASS[0m in 1.44s]
[0m20:45:56.035844 [debug] [Thread-3 (]: Finished running node test.atliq_gold.relationships_fact_sales_product_id__product_id__ref_dim_products_.c768410e5b
[0m20:45:56.038648 [debug] [MainThread]: Databricks adapter: DatabricksDBTConnection(session-id=None, name=master) - Creating connection
[0m20:45:56.039193 [debug] [MainThread]: Acquiring new databricks connection 'master'
[0m20:45:56.040225 [info ] [MainThread]: 
[0m20:45:56.041052 [info ] [MainThread]: Finished running 4 table models, 3 data tests in 0 hours 0 minutes and 33.36 seconds (33.36s).
[0m20:45:56.043403 [debug] [MainThread]: Command end result
[0m20:45:56.096024 [debug] [MainThread]: Wrote artifact WritableManifest to /Users/shalinigoutam/Desktop/Codebasics/bootcamp-projects/atliq-commerce-data-pipeline/atliq_gold/target/manifest.json
[0m20:45:56.099070 [debug] [MainThread]: Wrote artifact SemanticManifest to /Users/shalinigoutam/Desktop/Codebasics/bootcamp-projects/atliq-commerce-data-pipeline/atliq_gold/target/semantic_manifest.json
[0m20:45:56.100973 [debug] [MainThread]: Wrote artifact OsiDocument to /Users/shalinigoutam/Desktop/Codebasics/bootcamp-projects/atliq-commerce-data-pipeline/atliq_gold/target/osi_document.json
[0m20:45:56.104956 [debug] [MainThread]: Wrote artifact RunExecutionResult to /Users/shalinigoutam/Desktop/Codebasics/bootcamp-projects/atliq-commerce-data-pipeline/atliq_gold/target/run_results.json
[0m20:45:56.105152 [info ] [MainThread]: 
[0m20:45:56.105377 [info ] [MainThread]: [32mCompleted successfully[0m
[0m20:45:56.105529 [info ] [MainThread]: 
[0m20:45:56.105713 [info ] [MainThread]: Done. PASS=7 WARN=0 ERROR=0 SKIP=0 NO-OP=0 REUSED=0 TOTAL=7
[0m20:45:56.106176 [warn ] [MainThread]: [[33mWARNING[0m][DeprecationsSummary]: Deprecated functionality
Summary of encountered deprecations:
- MissingArgumentsPropertyInGenericTestDeprecation: 2 occurrences
To see all deprecation instances instead of just the first occurrence of each,
run command again with the `--show-all-deprecations` flag. You may also need to
run with `--no-partial-parse` as some deprecations are only encountered during
parsing.
[0m20:45:56.109965 [debug] [MainThread]: Resource report: {"command_name": "build", "command_success": true, "command_wall_clock_time": 35.907032, "process_in_blocks": "0", "process_kernel_time": 0.498313, "process_mem_max_rss": "286949376", "process_out_blocks": "0", "process_user_time": 3.636999}
[0m20:45:56.110275 [debug] [MainThread]: Command `dbt build` succeeded at 20:45:56.110233 after 35.91 seconds
[0m20:45:56.110564 [debug] [MainThread]: Sending event: {'category': 'dbt', 'action': 'invocation', 'label': 'end', 'context': [<snowplow_tracker.self_describing_json.SelfDescribingJson object at 0x10c490cd0>, <snowplow_tracker.self_describing_json.SelfDescribingJson object at 0x10c490210>, <snowplow_tracker.self_describing_json.SelfDescribingJson object at 0x10c2dc950>]}
[0m20:45:56.110821 [debug] [MainThread]: Flushing usage events
[0m20:45:57.625518 [debug] [MainThread]: An error was encountered while trying to flush usage events
[0m07:00:26.157739 [debug] [MainThread]: Sending event: {'category': 'dbt', 'action': 'invocation', 'label': 'start', 'context': [<snowplow_tracker.self_describing_json.SelfDescribingJson object at 0x10e0d0690>, <snowplow_tracker.self_describing_json.SelfDescribingJson object at 0x10e171250>, <snowplow_tracker.self_describing_json.SelfDescribingJson object at 0x10e171bd0>]}


============================== 07:00:26.159913 | fc797176-76b3-47a2-902c-ccc6f7f4682f ==============================
[0m07:00:26.159913 [info ] [MainThread]: Running with dbt=1.12.0
[0m07:00:26.160232 [debug] [MainThread]: running dbt with arguments {'use_experimental_parser': 'False', 'log_cache_events': 'False', 'version_check': 'True', 'profiles_dir': '/Users/shalinigoutam/.dbt', 'hints_enabled': 'True', 'fail_fast': 'False', 'partial_parse': 'True', 'warn_error': 'None', 'log_format': 'default', 'warn_error_options': 'WarnErrorOptionsV2(error=[], warn=[], silence=[])', 'debug': 'False', 'quiet': 'False', 'static_parser': 'True', 'indirect_selection': 'eager', 'cache_selected_only': 'False', 'empty': 'None', 'no_print': 'None', 'log_path': '/Users/shalinigoutam/Desktop/Codebasics/bootcamp-projects/atliq-commerce-data-pipeline/atliq_gold/logs', 'send_anonymous_usage_stats': 'True', 'printer_width': '80', 'write_json': 'True', 'use_colors': 'True', 'target_path': 'None', 'invocation_command': 'dbt ', 'maximum_seed_size_mib': '1', 'introspect': 'True'}
[0m07:00:26.214845 [debug] [MainThread]: Sending event: {'category': 'dbt', 'action': 'project_id', 'label': 'fc797176-76b3-47a2-902c-ccc6f7f4682f', 'context': [<snowplow_tracker.self_describing_json.SelfDescribingJson object at 0x10e014a50>]}
[0m07:00:26.226152 [info ] [MainThread]: Warning: No packages were found in packages.yml
[0m07:00:26.226540 [info ] [MainThread]: Warning: No packages were found in packages.yml
[0m07:00:26.239909 [debug] [MainThread]: Resource report: {"command_name": "deps", "command_success": true, "command_wall_clock_time": 0.13073884, "process_in_blocks": "0", "process_kernel_time": 0.12371, "process_mem_max_rss": "126222336", "process_out_blocks": "0", "process_user_time": 0.704608}
[0m07:00:26.240196 [debug] [MainThread]: Command `cli deps` succeeded at 07:00:26.240133 after 0.13 seconds
[0m07:00:26.240375 [debug] [MainThread]: Sending event: {'category': 'dbt', 'action': 'invocation', 'label': 'end', 'context': [<snowplow_tracker.self_describing_json.SelfDescribingJson object at 0x10e1503d0>, <snowplow_tracker.self_describing_json.SelfDescribingJson object at 0x10e0d0ed0>, <snowplow_tracker.self_describing_json.SelfDescribingJson object at 0x10e170e90>]}
[0m07:00:26.240536 [debug] [MainThread]: Flushing usage events
[0m07:00:27.496182 [debug] [MainThread]: An error was encountered while trying to flush usage events
[0m08:48:46.696914 [debug] [MainThread]: Sending event: {'category': 'dbt', 'action': 'invocation', 'label': 'start', 'context': [<snowplow_tracker.self_describing_json.SelfDescribingJson object at 0x1099fead0>, <snowplow_tracker.self_describing_json.SelfDescribingJson object at 0x109a550d0>, <snowplow_tracker.self_describing_json.SelfDescribingJson object at 0x109aebd90>]}


============================== 08:48:46.699748 | e27cc95e-c4aa-46be-83ac-8491319c571a ==============================
[0m08:48:46.699748 [info ] [MainThread]: Running with dbt=1.12.0
[0m08:48:46.700070 [debug] [MainThread]: running dbt with arguments {'empty': 'False', 'profiles_dir': '/Users/shalinigoutam/.dbt', 'introspect': 'True', 'cache_selected_only': 'False', 'maximum_seed_size_mib': '1', 'log_path': '/Users/shalinigoutam/Desktop/Codebasics/bootcamp-projects/atliq-commerce-data-pipeline/atliq_gold/logs', 'use_experimental_parser': 'False', 'write_json': 'True', 'log_format': 'default', 'debug': 'False', 'version_check': 'True', 'hints_enabled': 'True', 'log_cache_events': 'False', 'printer_width': '80', 'warn_error': 'None', 'use_colors': 'True', 'partial_parse': 'True', 'invocation_command': 'dbt build', 'no_print': 'None', 'warn_error_options': 'WarnErrorOptionsV2(error=[], warn=[], silence=[])', 'send_anonymous_usage_stats': 'True', 'fail_fast': 'False', 'static_parser': 'True', 'indirect_selection': 'eager', 'target_path': 'None', 'quiet': 'False'}
[0m08:48:47.197471 [debug] [MainThread]: Spark adapter: Setting pyhive.hive logging to ERROR
[0m08:48:47.197757 [debug] [MainThread]: Spark adapter: Setting thrift.transport logging to ERROR
[0m08:48:47.197926 [debug] [MainThread]: Spark adapter: Setting thrift.protocol logging to ERROR
[0m08:48:47.909699 [debug] [MainThread]: Sending event: {'category': 'dbt', 'action': 'project_id', 'label': 'e27cc95e-c4aa-46be-83ac-8491319c571a', 'context': [<snowplow_tracker.self_describing_json.SelfDescribingJson object at 0x111e83890>]}
[0m08:48:47.936230 [debug] [MainThread]: Sending event: {'category': 'dbt', 'action': 'adapter_info', 'label': 'e27cc95e-c4aa-46be-83ac-8491319c571a', 'context': [<snowplow_tracker.self_describing_json.SelfDescribingJson object at 0x109ab54d0>]}
[0m08:48:47.936579 [info ] [MainThread]: Registered adapter: databricks=1.12.4
[0m08:48:48.035331 [debug] [MainThread]: checksum: d06312230403c1f33ce09570357f14d2e447b3a35c12e4fba16b7a6cf48c702d, vars: {}, profile: atliq_gold, target: dev, version: 1.12.0
[0m08:48:48.121890 [debug] [MainThread]: Partial parsing enabled: 0 files deleted, 0 files added, 0 files changed.
[0m08:48:48.122087 [debug] [MainThread]: Nothing changed, skipping partial parsing.
[0m08:48:48.122215 [debug] [MainThread]: Partial parsing enabled, no changes found, skipping parsing
[0m08:48:48.127865 [debug] [MainThread]: Sending event: {'category': 'dbt', 'action': 'load_project', 'label': 'e27cc95e-c4aa-46be-83ac-8491319c571a', 'context': [<snowplow_tracker.self_describing_json.SelfDescribingJson object at 0x112336990>]}
[0m08:48:48.204221 [debug] [MainThread]: Wrote artifact WritableManifest to /Users/shalinigoutam/Desktop/Codebasics/bootcamp-projects/atliq-commerce-data-pipeline/atliq_gold/target/manifest.json
[0m08:48:48.206307 [debug] [MainThread]: Wrote artifact SemanticManifest to /Users/shalinigoutam/Desktop/Codebasics/bootcamp-projects/atliq-commerce-data-pipeline/atliq_gold/target/semantic_manifest.json
[0m08:48:48.218616 [debug] [MainThread]: Wrote artifact OsiDocument to /Users/shalinigoutam/Desktop/Codebasics/bootcamp-projects/atliq-commerce-data-pipeline/atliq_gold/target/osi_document.json
[0m08:48:48.232398 [debug] [MainThread]: Sending event: {'category': 'dbt', 'action': 'resource_counts', 'label': 'e27cc95e-c4aa-46be-83ac-8491319c571a', 'context': [<snowplow_tracker.self_describing_json.SelfDescribingJson object at 0x1128d36d0>]}
[0m08:48:48.232654 [info ] [MainThread]: Found 10 models, 4 data tests, 6 sources, 773 macros
[0m08:48:48.233943 [info ] [MainThread]: 
[0m08:48:48.234120 [info ] [MainThread]: Concurrency: 1 threads (target='dev')
[0m08:48:48.234253 [info ] [MainThread]: 
[0m08:48:48.234576 [debug] [MainThread]: Databricks adapter: DatabricksDBTConnection(session-id=None, name=master) - Creating connection
[0m08:48:48.234718 [debug] [MainThread]: Acquiring new databricks connection 'master'
[0m08:48:48.237807 [debug] [ThreadPool]: Databricks adapter: DatabricksDBTConnection(session-id=None, name=list_atliq) - Creating connection
[0m08:48:48.237981 [debug] [ThreadPool]: Acquiring new databricks connection 'list_atliq'
[0m08:48:48.244768 [debug] [ThreadPool]: Using databricks connection "list_atliq"
[0m08:48:48.244969 [debug] [ThreadPool]: On list_atliq: /* {"app": "dbt", "dbt_version": "1.12.0", "dbt_databricks_version": "1.12.4", "databricks_sql_connector_version": "4.4.0", "profile_name": "atliq_gold", "target_name": "dev", "invocation_id": "e27cc95e-c4aa-46be-83ac-8491319c571a", "connection_name": "list_atliq"} */

    

  SHOW SCHEMAS IN `atliq`


  
[0m08:48:48.245114 [debug] [ThreadPool]: Opening a new connection, currently in state init
[0m08:48:49.663073 [debug] [ThreadPool]: Databricks adapter: Connection(session-id=01f19b7c-b227-1263-975c-1f0af164defa) - Created
[0m08:51:51.830437 [debug] [MainThread]: Sending event: {'category': 'dbt', 'action': 'invocation', 'label': 'start', 'context': [<snowplow_tracker.self_describing_json.SelfDescribingJson object at 0x10c759ed0>, <snowplow_tracker.self_describing_json.SelfDescribingJson object at 0x10c694c90>, <snowplow_tracker.self_describing_json.SelfDescribingJson object at 0x10c7d3cd0>]}


============================== 08:51:51.833128 | 05787f50-4f74-46dc-bef5-948dfa4723d9 ==============================
[0m08:51:51.833128 [info ] [MainThread]: Running with dbt=1.12.0
[0m08:51:51.833454 [debug] [MainThread]: running dbt with arguments {'profiles_dir': '/Users/shalinigoutam/.dbt', 'log_path': '/Users/shalinigoutam/Desktop/Codebasics/bootcamp-projects/atliq-commerce-data-pipeline/atliq_gold/logs', 'no_print': 'None', 'hints_enabled': 'True', 'introspect': 'True', 'indirect_selection': 'eager', 'target_path': 'None', 'log_cache_events': 'False', 'empty': 'None', 'warn_error_options': 'WarnErrorOptionsV2(error=[], warn=[], silence=[])', 'static_parser': 'True', 'printer_width': '80', 'version_check': 'True', 'partial_parse': 'True', 'maximum_seed_size_mib': '1', 'fail_fast': 'False', 'use_experimental_parser': 'False', 'cache_selected_only': 'False', 'send_anonymous_usage_stats': 'True', 'invocation_command': 'dbt debug', 'use_colors': 'True', 'debug': 'False', 'write_json': 'True', 'log_format': 'default', 'warn_error': 'None', 'quiet': 'False'}
[0m08:51:51.842879 [info ] [MainThread]: dbt version: 1.12.0
[0m08:51:51.843106 [info ] [MainThread]: python version: 3.11.15
[0m08:51:51.843270 [info ] [MainThread]: python path: /Users/shalinigoutam/Desktop/Codebasics/bootcamp-projects/atliq-commerce-data-pipeline/.venv/bin/python
[0m08:51:51.843406 [info ] [MainThread]: os info: macOS-26.5.1-arm64-arm-64bit
[0m08:51:52.317690 [debug] [MainThread]: Spark adapter: Setting pyhive.hive logging to ERROR
[0m08:51:52.317999 [debug] [MainThread]: Spark adapter: Setting thrift.transport logging to ERROR
[0m08:51:52.318157 [debug] [MainThread]: Spark adapter: Setting thrift.protocol logging to ERROR
[0m08:51:52.784720 [info ] [MainThread]: Using profiles dir at /Users/shalinigoutam/.dbt
[0m08:51:52.785005 [info ] [MainThread]: Using profiles.yml file at /Users/shalinigoutam/.dbt/profiles.yml
[0m08:51:52.785181 [info ] [MainThread]: Using dbt_project.yml file at /Users/shalinigoutam/Desktop/Codebasics/bootcamp-projects/atliq-commerce-data-pipeline/atliq_gold/dbt_project.yml
[0m08:51:52.785326 [info ] [MainThread]: adapter type: databricks
[0m08:51:52.785461 [info ] [MainThread]: adapter version: 1.12.4
[0m08:51:52.831059 [info ] [MainThread]: Configuration:
[0m08:51:52.831431 [info ] [MainThread]:   profiles.yml file [[32mOK found and valid[0m]
[0m08:51:52.831604 [info ] [MainThread]:   dbt_project.yml file [[32mOK found and valid[0m]
[0m08:51:52.831742 [info ] [MainThread]: Required dependencies:
[0m08:51:52.831932 [debug] [MainThread]: Executing "git --help"
[0m08:51:52.852591 [debug] [MainThread]: STDOUT: "b"usage: git [-v | --version] [-h | --help] [-C <path>] [-c <name>=<value>]\n           [--exec-path[=<path>]] [--html-path] [--man-path] [--info-path]\n           [-p | --paginate | -P | --no-pager] [--no-replace-objects] [--no-lazy-fetch]\n           [--no-optional-locks] [--no-advice] [--bare] [--git-dir=<path>]\n           [--work-tree=<path>] [--namespace=<name>] [--config-env=<name>=<envvar>]\n           <command> [<args>]\n\nThese are common Git commands used in various situations:\n\nstart a working area (see also: git help tutorial)\n   clone      Clone a repository into a new directory\n   init       Create an empty Git repository or reinitialize an existing one\n\nwork on the current change (see also: git help everyday)\n   add        Add file contents to the index\n   mv         Move or rename a file, a directory, or a symlink\n   restore    Restore working tree files\n   rm         Remove files from the working tree and from the index\n\nexamine the history and state (see also: git help revisions)\n   bisect     Use binary search to find the commit that introduced a bug\n   diff       Show changes between commits, commit and working tree, etc\n   grep       Print lines matching a pattern\n   log        Show commit logs\n   show       Show various types of objects\n   status     Show the working tree status\n\ngrow, mark and tweak your common history\n   backfill   Download missing objects in a partial clone\n   branch     List, create, or delete branches\n   commit     Record changes to the repository\n   merge      Join two or more development histories together\n   rebase     Reapply commits on top of another base tip\n   reset      Set `HEAD` or the index to a known state\n   switch     Switch branches\n   tag        Create, list, delete or verify tags\n\ncollaborate (see also: git help workflows)\n   fetch      Download objects and refs from another repository\n   pull       Fetch from and integrate with another repository or a local branch\n   push       Update remote refs along with associated objects\n\n'git help -a' and 'git help -g' list available subcommands and some\nconcept guides. See 'git help <command>' or 'git help <concept>'\nto read about a specific subcommand or concept.\nSee 'git help git' for an overview of the system.\n""
[0m08:51:52.853670 [debug] [MainThread]: STDERR: "b''"
[0m08:51:52.854079 [info ] [MainThread]:  - git [[32mOK found[0m]

[0m08:51:52.854453 [info ] [MainThread]: Connection:
[0m08:51:52.854869 [info ] [MainThread]:   host: adb-7405613786725931.11.azuredatabricks.net
[0m08:51:52.855209 [info ] [MainThread]:   http_path: /sql/1.0/warehouses/ca0f9a13b145c8c5
[0m08:51:52.855491 [info ] [MainThread]:   catalog: atliq
[0m08:51:52.855763 [info ] [MainThread]:   schema: gold
[0m08:51:52.856396 [info ] [MainThread]: Registered adapter: databricks=1.12.4
[0m08:51:52.960198 [debug] [MainThread]: Databricks adapter: DatabricksDBTConnection(session-id=None, name=debug) - Creating connection
[0m08:51:52.960491 [debug] [MainThread]: Acquiring new databricks connection 'debug'
[0m08:51:53.268530 [info ] [MainThread]: Databricks adapter:   SPOG host (host_type='workspace'): no
[0m08:51:53.269175 [info ] [MainThread]: Databricks adapter:   workspace_id (from ?o= in http_path): None
[0m08:51:53.269589 [info ] [MainThread]: Databricks adapter:   databricks-sql-connector version: 4.4.0 (supported)
[0m08:51:53.270002 [info ] [MainThread]: Databricks adapter:   databricks-sdk version: 0.117.0 (supported)
[0m08:51:53.270454 [debug] [MainThread]: Using databricks connection "debug"
[0m08:51:53.270821 [debug] [MainThread]: On debug: select 1 as id
[0m08:51:53.271170 [debug] [MainThread]: Opening a new connection, currently in state init
[0m08:51:54.217362 [debug] [MainThread]: Databricks adapter: Connection(session-id=01f19b7d-2036-1bb1-8623-cff3009d3da5) - Created
[0m08:53:58.706871 [debug] [MainThread]: SQL status: OK in 125.430 seconds
[0m08:53:58.711541 [debug] [MainThread]: Databricks adapter: Cursor(session-id=01f19b7d-2036-1bb1-8623-cff3009d3da5, command-id=01f19b7d-2075-1dae-b556-2847a2ea7781) - Closing
[0m08:53:58.859270 [debug] [MainThread]: On debug: Close
[0m08:53:58.860587 [debug] [MainThread]: Databricks adapter: Connection(session-id=01f19b7d-2036-1bb1-8623-cff3009d3da5) - Closing
[0m08:53:58.989453 [info ] [MainThread]:   Connection test: [[32mOK connection ok[0m]

[0m08:53:58.990147 [info ] [MainThread]: [32mAll checks passed![0m
[0m08:53:59.000618 [debug] [MainThread]: Resource report: {"command_name": "debug", "command_success": true, "command_wall_clock_time": 127.21568, "process_in_blocks": "0", "process_kernel_time": 0.327077, "process_mem_max_rss": "262635520", "process_out_blocks": "0", "process_user_time": 1.653499}
[0m08:53:59.001613 [debug] [MainThread]: Command `dbt debug` succeeded at 08:53:59.001425 after 127.22 seconds
[0m08:53:59.002489 [debug] [MainThread]: Sending event: {'category': 'dbt', 'action': 'invocation', 'label': 'end', 'context': [<snowplow_tracker.self_describing_json.SelfDescribingJson object at 0x10b6b3d90>, <snowplow_tracker.self_describing_json.SelfDescribingJson object at 0x10c737dd0>, <snowplow_tracker.self_describing_json.SelfDescribingJson object at 0x10c74ac10>]}
[0m08:53:59.003062 [debug] [MainThread]: Flushing usage events
[0m08:54:00.347473 [debug] [MainThread]: An error was encountered while trying to flush usage events
[0m08:54:43.678064 [debug] [MainThread]: Sending event: {'category': 'dbt', 'action': 'invocation', 'label': 'start', 'context': [<snowplow_tracker.self_describing_json.SelfDescribingJson object at 0x10e2d9c90>, <snowplow_tracker.self_describing_json.SelfDescribingJson object at 0x10e3c0910>, <snowplow_tracker.self_describing_json.SelfDescribingJson object at 0x10e2d2490>]}


============================== 08:54:43.681026 | 7a4de4a6-dce1-4366-8e27-345c6872ad8b ==============================
[0m08:54:43.681026 [info ] [MainThread]: Running with dbt=1.12.0
[0m08:54:43.681353 [debug] [MainThread]: running dbt with arguments {'log_cache_events': 'False', 'version_check': 'True', 'use_experimental_parser': 'False', 'warn_error': 'None', 'indirect_selection': 'eager', 'partial_parse': 'True', 'debug': 'False', 'empty': 'False', 'warn_error_options': 'WarnErrorOptionsV2(error=[], warn=[], silence=[])', 'cache_selected_only': 'False', 'quiet': 'False', 'introspect': 'True', 'log_format': 'default', 'log_path': '/Users/shalinigoutam/Desktop/Codebasics/bootcamp-projects/atliq-commerce-data-pipeline/atliq_gold/logs', 'printer_width': '80', 'hints_enabled': 'True', 'fail_fast': 'False', 'target_path': 'None', 'use_colors': 'True', 'invocation_command': 'dbt build', 'static_parser': 'True', 'send_anonymous_usage_stats': 'True', 'write_json': 'True', 'no_print': 'None', 'maximum_seed_size_mib': '1', 'profiles_dir': '/Users/shalinigoutam/.dbt'}
[0m08:54:44.147873 [debug] [MainThread]: Spark adapter: Setting pyhive.hive logging to ERROR
[0m08:54:44.148151 [debug] [MainThread]: Spark adapter: Setting thrift.transport logging to ERROR
[0m08:54:44.148301 [debug] [MainThread]: Spark adapter: Setting thrift.protocol logging to ERROR
[0m08:54:44.668671 [debug] [MainThread]: Sending event: {'category': 'dbt', 'action': 'project_id', 'label': '7a4de4a6-dce1-4366-8e27-345c6872ad8b', 'context': [<snowplow_tracker.self_describing_json.SelfDescribingJson object at 0x115ade110>]}
[0m08:54:44.696920 [debug] [MainThread]: Sending event: {'category': 'dbt', 'action': 'adapter_info', 'label': '7a4de4a6-dce1-4366-8e27-345c6872ad8b', 'context': [<snowplow_tracker.self_describing_json.SelfDescribingJson object at 0x10d0ebf90>]}
[0m08:54:44.697363 [info ] [MainThread]: Registered adapter: databricks=1.12.4
[0m08:54:44.794300 [debug] [MainThread]: checksum: d06312230403c1f33ce09570357f14d2e447b3a35c12e4fba16b7a6cf48c702d, vars: {}, profile: atliq_gold, target: dev, version: 1.12.0
[0m08:54:44.883638 [debug] [MainThread]: Partial parsing enabled: 0 files deleted, 0 files added, 0 files changed.
[0m08:54:44.883833 [debug] [MainThread]: Nothing changed, skipping partial parsing.
[0m08:54:44.883969 [debug] [MainThread]: Partial parsing enabled, no changes found, skipping parsing
[0m08:54:44.889550 [debug] [MainThread]: Sending event: {'category': 'dbt', 'action': 'load_project', 'label': '7a4de4a6-dce1-4366-8e27-345c6872ad8b', 'context': [<snowplow_tracker.self_describing_json.SelfDescribingJson object at 0x116e7c290>]}
[0m08:54:44.965518 [debug] [MainThread]: Wrote artifact WritableManifest to /Users/shalinigoutam/Desktop/Codebasics/bootcamp-projects/atliq-commerce-data-pipeline/atliq_gold/target/manifest.json
[0m08:54:44.968305 [debug] [MainThread]: Wrote artifact SemanticManifest to /Users/shalinigoutam/Desktop/Codebasics/bootcamp-projects/atliq-commerce-data-pipeline/atliq_gold/target/semantic_manifest.json
[0m08:54:44.979393 [debug] [MainThread]: Wrote artifact OsiDocument to /Users/shalinigoutam/Desktop/Codebasics/bootcamp-projects/atliq-commerce-data-pipeline/atliq_gold/target/osi_document.json
[0m08:54:44.992323 [debug] [MainThread]: Sending event: {'category': 'dbt', 'action': 'resource_counts', 'label': '7a4de4a6-dce1-4366-8e27-345c6872ad8b', 'context': [<snowplow_tracker.self_describing_json.SelfDescribingJson object at 0x1171b76d0>]}
[0m08:54:44.992571 [info ] [MainThread]: Found 10 models, 4 data tests, 6 sources, 773 macros
[0m08:54:44.993848 [info ] [MainThread]: 
[0m08:54:44.994026 [info ] [MainThread]: Concurrency: 1 threads (target='dev')
[0m08:54:44.994157 [info ] [MainThread]: 
[0m08:54:44.994480 [debug] [MainThread]: Databricks adapter: DatabricksDBTConnection(session-id=None, name=master) - Creating connection
[0m08:54:44.994623 [debug] [MainThread]: Acquiring new databricks connection 'master'
[0m08:54:44.997726 [debug] [ThreadPool]: Databricks adapter: DatabricksDBTConnection(session-id=None, name=list_atliq) - Creating connection
[0m08:54:44.997897 [debug] [ThreadPool]: Acquiring new databricks connection 'list_atliq'
[0m08:54:45.004252 [debug] [ThreadPool]: Using databricks connection "list_atliq"
[0m08:54:45.004451 [debug] [ThreadPool]: On list_atliq: /* {"app": "dbt", "dbt_version": "1.12.0", "dbt_databricks_version": "1.12.4", "databricks_sql_connector_version": "4.4.0", "profile_name": "atliq_gold", "target_name": "dev", "invocation_id": "7a4de4a6-dce1-4366-8e27-345c6872ad8b", "connection_name": "list_atliq"} */

    

  SHOW SCHEMAS IN `atliq`


  
[0m08:54:45.004589 [debug] [ThreadPool]: Opening a new connection, currently in state init
[0m08:54:46.216811 [debug] [ThreadPool]: Databricks adapter: Connection(session-id=01f19b7d-86bc-19f7-8592-904ffce031f0) - Created
[0m08:54:46.910646 [debug] [ThreadPool]: SQL status: OK in 1.910 seconds
[0m08:54:46.932715 [debug] [ThreadPool]: Databricks adapter: Cursor(session-id=01f19b7d-86bc-19f7-8592-904ffce031f0, command-id=01f19b7d-86fb-1094-a54d-229e198d7eae) - Closing
[0m08:54:46.933363 [debug] [ThreadPool]: On list_atliq: Close
[0m08:54:46.933618 [debug] [ThreadPool]: Databricks adapter: Connection(session-id=01f19b7d-86bc-19f7-8592-904ffce031f0) - Closing
[0m08:54:47.045918 [debug] [ThreadPool]: Databricks adapter: DatabricksDBTConnection(session-id=None, name=list_atliq_gold) - Creating connection
[0m08:54:47.046706 [debug] [ThreadPool]: Acquiring new databricks connection 'list_atliq_gold'
[0m08:54:47.052762 [debug] [ThreadPool]: Using databricks connection "list_atliq_gold"
[0m08:54:47.052997 [debug] [ThreadPool]: On list_atliq_gold: /* {"app": "dbt", "dbt_version": "1.12.0", "dbt_databricks_version": "1.12.4", "databricks_sql_connector_version": "4.4.0", "profile_name": "atliq_gold", "target_name": "dev", "invocation_id": "7a4de4a6-dce1-4366-8e27-345c6872ad8b", "connection_name": "list_atliq_gold"} */

    
SELECT
  table_name,
  if(table_type IN ('EXTERNAL', 'MANAGED', 'MANAGED_SHALLOW_CLONE', 'EXTERNAL_SHALLOW_CLONE'), 'table', lower(table_type)) AS table_type,
  lower(data_source_format) AS file_format,
  table_owner,
  if(
    table_type IN (
      'EXTERNAL',
      'MANAGED',
      'MANAGED_SHALLOW_CLONE',
      'EXTERNAL_SHALLOW_CLONE'
    ),
    lower(table_type),
    NULL
  ) AS databricks_table_type
FROM `system`.`information_schema`.`tables`
WHERE table_catalog = 'atliq'
  AND table_schema = 'gold'

  
[0m08:54:47.053163 [debug] [ThreadPool]: Opening a new connection, currently in state init
[0m08:54:47.324962 [debug] [ThreadPool]: Databricks adapter: Connection(session-id=01f19b7d-8792-1db9-805b-5c4c5c0021c0) - Created
[0m08:54:49.303523 [debug] [ThreadPool]: SQL status: OK in 2.250 seconds
[0m08:54:49.309247 [debug] [ThreadPool]: Databricks adapter: Cursor(session-id=01f19b7d-8792-1db9-805b-5c4c5c0021c0, command-id=01f19b7d-87a3-134f-aeec-8e518e8da392) - Closing
[0m08:54:49.310295 [debug] [ThreadPool]: On list_atliq_gold: Close
[0m08:54:49.310733 [debug] [ThreadPool]: Databricks adapter: Connection(session-id=01f19b7d-8792-1db9-805b-5c4c5c0021c0) - Closing
[0m08:54:49.452563 [debug] [MainThread]: Sending event: {'category': 'dbt', 'action': 'runnable_timing', 'label': '7a4de4a6-dce1-4366-8e27-345c6872ad8b', 'context': [<snowplow_tracker.self_describing_json.SelfDescribingJson object at 0x116eb43d0>]}
[0m08:54:49.463390 [debug] [Thread-3 (]: Began running node model.atliq_gold.dim_date
[0m08:54:49.464235 [info ] [Thread-3 (]: 1 of 8 START sql table model gold.dim_date ..................................... [RUN]
[0m08:54:49.465102 [debug] [Thread-3 (]: Databricks adapter: DatabricksDBTConnection(session-id=None, name=model.atliq_gold.dim_date) - Creating connection
[0m08:54:49.465541 [debug] [Thread-3 (]: Acquiring new databricks connection 'model.atliq_gold.dim_date'
[0m08:54:49.465968 [debug] [Thread-3 (]: Began compiling node model.atliq_gold.dim_date
[0m08:54:49.473569 [debug] [Thread-3 (]: Writing injected SQL for node "model.atliq_gold.dim_date"
[0m08:54:49.474686 [debug] [Thread-3 (]: Began executing node model.atliq_gold.dim_date
[0m08:54:49.490309 [debug] [Thread-3 (]: MATERIALIZING TABLE
[0m08:54:49.513079 [debug] [Thread-3 (]: Using databricks connection "model.atliq_gold.dim_date"
[0m08:54:49.513413 [debug] [Thread-3 (]: On model.atliq_gold.dim_date: /* {"app": "dbt", "dbt_version": "1.12.0", "dbt_databricks_version": "1.12.4", "databricks_sql_connector_version": "4.4.0", "profile_name": "atliq_gold", "target_name": "dev", "invocation_id": "7a4de4a6-dce1-4366-8e27-345c6872ad8b", "node_id": "model.atliq_gold.dim_date"} */
SELECT
    table_catalog,
    table_schema,
    table_name,
    filter_name,
    target_columns
  FROM `atliq`.`information_schema`.`row_filters`
  WHERE table_catalog = 'atliq'
    AND table_schema = 'gold'
    AND table_name = 'dim_date'
[0m08:54:49.513651 [debug] [Thread-3 (]: Opening a new connection, currently in state init
[0m08:54:49.856360 [debug] [Thread-3 (]: Databricks adapter: Connection(session-id=01f19b7d-8910-17ba-affc-811f9c384808) - Created
[0m08:54:50.616307 [debug] [Thread-3 (]: SQL status: OK in 1.100 seconds
[0m08:54:50.621656 [debug] [Thread-3 (]: Databricks adapter: Cursor(session-id=01f19b7d-8910-17ba-affc-811f9c384808, command-id=01f19b7d-8926-13ca-b318-0446edf438eb) - Closing
[0m08:54:50.647193 [debug] [Thread-3 (]: Writing runtime sql for node "model.atliq_gold.dim_date"
[0m08:54:50.648656 [debug] [Thread-3 (]: Using databricks connection "model.atliq_gold.dim_date"
[0m08:54:50.649012 [debug] [Thread-3 (]: On model.atliq_gold.dim_date: /* {"app": "dbt", "dbt_version": "1.12.0", "dbt_databricks_version": "1.12.4", "databricks_sql_connector_version": "4.4.0", "profile_name": "atliq_gold", "target_name": "dev", "invocation_id": "7a4de4a6-dce1-4366-8e27-345c6872ad8b", "node_id": "model.atliq_gold.dim_date"} */

  
    
        create or replace table `atliq`.`gold`.`dim_date`
      
      
    using delta
  
      
      
      
      
      
      location 'abfss://lakehouse@atliqcommerce.dfs.core.windows.net/gold/dim_date'
      
      
      as
      WITH date_spine AS (

    SELECT
        explode(
            sequence(
                to_date('2024-01-01'),
                to_date('2026-12-31'),
                interval 1 day
            )
        ) AS date_day

)

SELECT
    date_day,
    CAST(date_format(date_day, 'yyyyMMdd') AS INT) AS date_key,
    year(date_day) AS year,
    quarter(date_day) AS quarter,
    month(date_day) AS month,
    monthname(date_day) AS month_name,
    weekofyear(date_day) AS week_of_year,
    dayofmonth(date_day) AS day_of_month,
    dayofweek(date_day) AS day_of_week,
    dayname(date_day) AS day_name

FROM date_spine
  
[0m08:57:58.468864 [debug] [Thread-3 (]: SQL status: OK in 187.820 seconds
[0m08:57:58.477573 [debug] [Thread-3 (]: Databricks adapter: Cursor(session-id=01f19b7d-8910-17ba-affc-811f9c384808, command-id=01f19b7d-899e-19dd-a4b1-a7acf0d8c556) - Closing
[0m08:58:28.726504 [debug] [Thread-3 (]: Applying tags to relation None
[0m08:58:28.745378 [debug] [Thread-3 (]: On model.atliq_gold.dim_date: Close
[0m08:58:28.745714 [debug] [Thread-3 (]: Databricks adapter: Connection(session-id=01f19b7d-8910-17ba-affc-811f9c384808) - Closing
[0m08:58:28.882098 [debug] [Thread-3 (]: Sending event: {'category': 'dbt', 'action': 'run_model', 'label': '7a4de4a6-dce1-4366-8e27-345c6872ad8b', 'context': [<snowplow_tracker.self_describing_json.SelfDescribingJson object at 0x1171f6410>]}
[0m08:58:28.883622 [info ] [Thread-3 (]: 1 of 8 OK created sql table model gold.dim_date ................................ [[32mOK[0m in 219.41s]
[0m08:58:28.884472 [debug] [Thread-3 (]: Finished running node model.atliq_gold.dim_date
[0m08:58:28.885063 [debug] [Thread-3 (]: Began running node model.atliq_gold.stg_customers
[0m08:58:28.886357 [debug] [Thread-3 (]: Databricks adapter: DatabricksDBTConnection(session-id=None, name=model.atliq_gold.stg_customers) - Creating connection
[0m08:58:28.886811 [debug] [Thread-3 (]: Acquiring new databricks connection 'model.atliq_gold.stg_customers'
[0m08:58:28.887251 [debug] [Thread-3 (]: Began compiling node model.atliq_gold.stg_customers
[0m08:58:28.891128 [debug] [Thread-3 (]: Writing injected SQL for node "model.atliq_gold.stg_customers"
[0m08:58:28.892512 [debug] [Thread-3 (]: Finished running node model.atliq_gold.stg_customers
[0m08:58:28.892913 [debug] [Thread-3 (]: Began running node model.atliq_gold.stg_order_items
[0m08:58:28.893830 [debug] [Thread-3 (]: Databricks adapter: DatabricksDBTConnection(session-id=None, name=model.atliq_gold.stg_order_items) - Creating connection
[0m08:58:28.894221 [debug] [Thread-3 (]: Acquiring new databricks connection 'model.atliq_gold.stg_order_items'
[0m08:58:28.894504 [debug] [Thread-3 (]: Began compiling node model.atliq_gold.stg_order_items
[0m08:58:28.896064 [debug] [Thread-3 (]: Writing injected SQL for node "model.atliq_gold.stg_order_items"
[0m08:58:28.897004 [debug] [Thread-3 (]: Finished running node model.atliq_gold.stg_order_items
[0m08:58:28.897309 [debug] [Thread-3 (]: Began running node model.atliq_gold.stg_orders
[0m08:58:28.897742 [debug] [Thread-3 (]: Databricks adapter: DatabricksDBTConnection(session-id=None, name=model.atliq_gold.stg_orders) - Creating connection
[0m08:58:28.898023 [debug] [Thread-3 (]: Acquiring new databricks connection 'model.atliq_gold.stg_orders'
[0m08:58:28.898283 [debug] [Thread-3 (]: Began compiling node model.atliq_gold.stg_orders
[0m08:58:28.899904 [debug] [Thread-3 (]: Writing injected SQL for node "model.atliq_gold.stg_orders"
[0m08:58:28.900836 [debug] [Thread-3 (]: Finished running node model.atliq_gold.stg_orders
[0m08:58:28.901237 [debug] [Thread-3 (]: Began running node model.atliq_gold.stg_payments
[0m08:58:28.901780 [debug] [Thread-3 (]: Databricks adapter: DatabricksDBTConnection(session-id=None, name=model.atliq_gold.stg_payments) - Creating connection
[0m08:58:28.902068 [debug] [Thread-3 (]: Acquiring new databricks connection 'model.atliq_gold.stg_payments'
[0m08:58:28.902324 [debug] [Thread-3 (]: Began compiling node model.atliq_gold.stg_payments
[0m08:58:28.903611 [debug] [Thread-3 (]: Writing injected SQL for node "model.atliq_gold.stg_payments"
[0m08:58:28.904401 [debug] [Thread-3 (]: Finished running node model.atliq_gold.stg_payments
[0m08:58:28.904696 [debug] [Thread-3 (]: Began running node model.atliq_gold.stg_products
[0m08:58:28.905085 [debug] [Thread-3 (]: Databricks adapter: DatabricksDBTConnection(session-id=None, name=model.atliq_gold.stg_products) - Creating connection
[0m08:58:28.905328 [debug] [Thread-3 (]: Acquiring new databricks connection 'model.atliq_gold.stg_products'
[0m08:58:28.905554 [debug] [Thread-3 (]: Began compiling node model.atliq_gold.stg_products
[0m08:58:28.906756 [debug] [Thread-3 (]: Writing injected SQL for node "model.atliq_gold.stg_products"
[0m08:58:28.907382 [debug] [Thread-3 (]: Finished running node model.atliq_gold.stg_products
[0m08:58:28.907641 [debug] [Thread-3 (]: Began running node model.atliq_gold.stg_supplier_price_list
[0m08:58:28.908055 [debug] [Thread-3 (]: Databricks adapter: DatabricksDBTConnection(session-id=None, name=model.atliq_gold.stg_supplier_price_list) - Creating connection
[0m08:58:28.908322 [debug] [Thread-3 (]: Acquiring new databricks connection 'model.atliq_gold.stg_supplier_price_list'
[0m08:58:28.908566 [debug] [Thread-3 (]: Began compiling node model.atliq_gold.stg_supplier_price_list
[0m08:58:28.909943 [debug] [Thread-3 (]: Writing injected SQL for node "model.atliq_gold.stg_supplier_price_list"
[0m08:58:28.910548 [debug] [Thread-3 (]: Finished running node model.atliq_gold.stg_supplier_price_list
[0m08:58:28.910791 [debug] [Thread-3 (]: Began running node model.atliq_gold.dim_customers
[0m08:58:28.911158 [info ] [Thread-3 (]: 2 of 8 START sql table model gold.dim_customers ................................ [RUN]
[0m08:58:28.911510 [debug] [Thread-3 (]: Databricks adapter: DatabricksDBTConnection(session-id=None, name=model.atliq_gold.dim_customers) - Creating connection
[0m08:58:28.911725 [debug] [Thread-3 (]: Acquiring new databricks connection 'model.atliq_gold.dim_customers'
[0m08:58:28.911931 [debug] [Thread-3 (]: Began compiling node model.atliq_gold.dim_customers
[0m08:58:28.914249 [debug] [Thread-3 (]: Writing injected SQL for node "model.atliq_gold.dim_customers"
[0m08:58:28.914670 [debug] [Thread-3 (]: Began executing node model.atliq_gold.dim_customers
[0m08:58:28.915950 [debug] [Thread-3 (]: MATERIALIZING TABLE
[0m08:58:28.917636 [debug] [Thread-3 (]: Using databricks connection "model.atliq_gold.dim_customers"
[0m08:58:28.918055 [debug] [Thread-3 (]: On model.atliq_gold.dim_customers: /* {"app": "dbt", "dbt_version": "1.12.0", "dbt_databricks_version": "1.12.4", "databricks_sql_connector_version": "4.4.0", "profile_name": "atliq_gold", "target_name": "dev", "invocation_id": "7a4de4a6-dce1-4366-8e27-345c6872ad8b", "node_id": "model.atliq_gold.dim_customers"} */
SELECT
    table_catalog,
    table_schema,
    table_name,
    filter_name,
    target_columns
  FROM `atliq`.`information_schema`.`row_filters`
  WHERE table_catalog = 'atliq'
    AND table_schema = 'gold'
    AND table_name = 'dim_customers'
[0m08:58:28.918335 [debug] [Thread-3 (]: Opening a new connection, currently in state init
[0m08:58:29.283051 [debug] [Thread-3 (]: Databricks adapter: Connection(session-id=01f19b7e-0bd8-1a70-8de8-f0cb4e6f992c) - Created
[0m08:58:29.969329 [debug] [Thread-3 (]: SQL status: OK in 1.050 seconds
[0m08:58:29.973209 [debug] [Thread-3 (]: Databricks adapter: Cursor(session-id=01f19b7e-0bd8-1a70-8de8-f0cb4e6f992c, command-id=01f19b7e-0bf0-114a-9985-5c9a897e705f) - Closing
[0m08:58:29.975208 [debug] [Thread-3 (]: Writing runtime sql for node "model.atliq_gold.dim_customers"
[0m08:58:29.975739 [debug] [Thread-3 (]: Using databricks connection "model.atliq_gold.dim_customers"
[0m08:58:29.976006 [debug] [Thread-3 (]: On model.atliq_gold.dim_customers: /* {"app": "dbt", "dbt_version": "1.12.0", "dbt_databricks_version": "1.12.4", "databricks_sql_connector_version": "4.4.0", "profile_name": "atliq_gold", "target_name": "dev", "invocation_id": "7a4de4a6-dce1-4366-8e27-345c6872ad8b", "node_id": "model.atliq_gold.dim_customers"} */

  
    
        create or replace table `atliq`.`gold`.`dim_customers`
      
      
    using delta
  
      
      
      
      
      
      location 'abfss://lakehouse@atliqcommerce.dfs.core.windows.net/gold/dim_customers'
      
      
      as
      with __dbt__cte__stg_customers as (
SELECT 
    customer_id, 
    customer_name, 
    email, 
    city,
    signup_date
FROM `atliq`.`silver`.`customers`
) -- models/gold/dim_customer.sql

SELECT
    customer_id,
    customer_name,
    email,
    city,
    signup_date

FROM __dbt__cte__stg_customers
  
[0m08:58:34.685751 [debug] [Thread-3 (]: SQL status: OK in 4.710 seconds
[0m08:58:34.687873 [debug] [Thread-3 (]: Databricks adapter: Cursor(session-id=01f19b7e-0bd8-1a70-8de8-f0cb4e6f992c, command-id=01f19b7e-0c59-1978-acac-fdcf8be8489c) - Closing
[0m08:58:34.689672 [debug] [Thread-3 (]: Applying tags to relation None
[0m08:58:34.692323 [debug] [Thread-3 (]: On model.atliq_gold.dim_customers: Close
[0m08:58:34.692968 [debug] [Thread-3 (]: Databricks adapter: Connection(session-id=01f19b7e-0bd8-1a70-8de8-f0cb4e6f992c) - Closing
[0m08:58:34.815527 [debug] [Thread-3 (]: Sending event: {'category': 'dbt', 'action': 'run_model', 'label': '7a4de4a6-dce1-4366-8e27-345c6872ad8b', 'context': [<snowplow_tracker.self_describing_json.SelfDescribingJson object at 0x11724c450>]}
[0m08:58:34.817242 [info ] [Thread-3 (]: 2 of 8 OK created sql table model gold.dim_customers ........................... [[32mOK[0m in 5.90s]
[0m08:58:34.818296 [debug] [Thread-3 (]: Finished running node model.atliq_gold.dim_customers
[0m08:58:34.818918 [debug] [Thread-3 (]: Began running node model.atliq_gold.fact_sales
[0m08:58:34.819737 [info ] [Thread-3 (]: 3 of 8 START sql incremental model gold.fact_sales ............................. [RUN]
[0m08:58:34.820601 [debug] [Thread-3 (]: Databricks adapter: DatabricksDBTConnection(session-id=None, name=model.atliq_gold.fact_sales) - Creating connection
[0m08:58:34.821030 [debug] [Thread-3 (]: Acquiring new databricks connection 'model.atliq_gold.fact_sales'
[0m08:58:34.821426 [debug] [Thread-3 (]: Began compiling node model.atliq_gold.fact_sales
[0m08:58:34.833289 [debug] [Thread-3 (]: Writing injected SQL for node "model.atliq_gold.fact_sales"
[0m08:58:34.834324 [debug] [Thread-3 (]: Began executing node model.atliq_gold.fact_sales
[0m08:58:34.866805 [debug] [Thread-3 (]: MATERIALIZING INCREMENTAL
[0m08:58:34.879990 [debug] [Thread-3 (]: Using databricks connection "model.atliq_gold.fact_sales"
[0m08:58:34.880297 [debug] [Thread-3 (]: On model.atliq_gold.fact_sales: /* {"app": "dbt", "dbt_version": "1.12.0", "dbt_databricks_version": "1.12.4", "databricks_sql_connector_version": "4.4.0", "profile_name": "atliq_gold", "target_name": "dev", "invocation_id": "7a4de4a6-dce1-4366-8e27-345c6872ad8b", "node_id": "model.atliq_gold.fact_sales"} */
SELECT column_name
  FROM `atliq`.`information_schema`.`columns`
  WHERE table_catalog = 'atliq' 
    AND table_schema = 'gold'
    AND table_name = 'fact_sales'
    AND is_nullable = 'NO';
  
[0m08:58:34.880494 [debug] [Thread-3 (]: Opening a new connection, currently in state init
[0m08:58:35.219476 [debug] [Thread-3 (]: Databricks adapter: Connection(session-id=01f19b7e-0f64-18f5-9f2a-c982a910ba78) - Created
[0m08:58:35.911554 [debug] [Thread-3 (]: SQL status: OK in 1.030 seconds
[0m08:58:35.915298 [debug] [Thread-3 (]: Databricks adapter: Cursor(session-id=01f19b7e-0f64-18f5-9f2a-c982a910ba78, command-id=01f19b7e-0f79-1951-b949-7241a8ba279d) - Closing
[0m08:58:35.930911 [debug] [Thread-3 (]: Using databricks connection "model.atliq_gold.fact_sales"
[0m08:58:35.931469 [debug] [Thread-3 (]: On model.atliq_gold.fact_sales: /* {"app": "dbt", "dbt_version": "1.12.0", "dbt_databricks_version": "1.12.4", "databricks_sql_connector_version": "4.4.0", "profile_name": "atliq_gold", "target_name": "dev", "invocation_id": "7a4de4a6-dce1-4366-8e27-345c6872ad8b", "node_id": "model.atliq_gold.fact_sales"} */
SELECT kcu.constraint_name, kcu.column_name
  FROM `atliq`.information_schema.key_column_usage kcu
  WHERE kcu.table_catalog = 'atliq' 
    AND kcu.table_schema = 'gold'
    AND kcu.table_name = 'fact_sales' 
    AND kcu.constraint_name = (
      SELECT constraint_name
      FROM `atliq`.information_schema.table_constraints
      WHERE table_catalog = 'atliq'
        AND table_schema = 'gold'
        AND table_name = 'fact_sales' 
        AND constraint_type = 'PRIMARY KEY'
    )
  ORDER BY kcu.ordinal_position;
  
[0m08:58:37.139100 [debug] [Thread-3 (]: SQL status: OK in 1.210 seconds
[0m08:58:37.142094 [debug] [Thread-3 (]: Databricks adapter: Cursor(session-id=01f19b7e-0f64-18f5-9f2a-c982a910ba78, command-id=01f19b7e-0fe5-1a74-9cf0-f37a7a47070a) - Closing
[0m08:58:37.150617 [debug] [Thread-3 (]: Using databricks connection "model.atliq_gold.fact_sales"
[0m08:58:37.151125 [debug] [Thread-3 (]: On model.atliq_gold.fact_sales: /* {"app": "dbt", "dbt_version": "1.12.0", "dbt_databricks_version": "1.12.4", "databricks_sql_connector_version": "4.4.0", "profile_name": "atliq_gold", "target_name": "dev", "invocation_id": "7a4de4a6-dce1-4366-8e27-345c6872ad8b", "node_id": "model.atliq_gold.fact_sales"} */
SELECT
    kcu.constraint_name,
    kcu.column_name AS from_column,
    ukcu.table_catalog AS to_catalog,
    ukcu.table_schema AS to_schema,
    ukcu.table_name AS to_table,
    ukcu.column_name AS to_column
  FROM `atliq`.information_schema.key_column_usage kcu
  JOIN `atliq`.information_schema.referential_constraints rc
    ON kcu.constraint_name = rc.constraint_name
  JOIN `atliq`.information_schema.key_column_usage ukcu
    ON rc.unique_constraint_name = ukcu.constraint_name
    AND kcu.ordinal_position = ukcu.ordinal_position
  WHERE kcu.table_catalog = 'atliq'
    AND kcu.table_schema = 'gold'
    AND kcu.table_name = 'fact_sales'
    AND kcu.constraint_name IN (
      SELECT constraint_name
      FROM `atliq`.information_schema.table_constraints
      WHERE table_catalog = 'atliq'
        AND table_schema = 'gold'
        AND table_name = 'fact_sales'
        AND constraint_type = 'FOREIGN KEY'
    )
  ORDER BY kcu.ordinal_position;
  
[0m08:58:38.552622 [debug] [Thread-3 (]: SQL status: OK in 1.400 seconds
[0m08:58:38.557457 [debug] [Thread-3 (]: Databricks adapter: Cursor(session-id=01f19b7e-0f64-18f5-9f2a-c982a910ba78, command-id=01f19b7e-10a0-175f-b176-60051b201ab7) - Closing
[0m08:58:38.566401 [debug] [Thread-3 (]: Using databricks connection "model.atliq_gold.fact_sales"
[0m08:58:38.567127 [debug] [Thread-3 (]: On model.atliq_gold.fact_sales: /* {"app": "dbt", "dbt_version": "1.12.0", "dbt_databricks_version": "1.12.4", "databricks_sql_connector_version": "4.4.0", "profile_name": "atliq_gold", "target_name": "dev", "invocation_id": "7a4de4a6-dce1-4366-8e27-345c6872ad8b", "node_id": "model.atliq_gold.fact_sales"} */
SELECT 
    column_name,
    mask_name,
    using_columns
  FROM `system`.`information_schema`.`column_masks`
  WHERE table_catalog = 'atliq'
    AND table_schema = 'gold'
    AND table_name = 'fact_sales';
  
[0m08:58:38.945165 [debug] [Thread-3 (]: SQL status: OK in 0.380 seconds
[0m08:58:38.949866 [debug] [Thread-3 (]: Databricks adapter: Cursor(session-id=01f19b7e-0f64-18f5-9f2a-c982a910ba78, command-id=01f19b7e-1177-1fd0-b866-9c7f799282ef) - Closing
[0m08:58:38.952706 [debug] [Thread-3 (]: Using databricks connection "model.atliq_gold.fact_sales"
[0m08:58:38.953279 [debug] [Thread-3 (]: On model.atliq_gold.fact_sales: /* {"app": "dbt", "dbt_version": "1.12.0", "dbt_databricks_version": "1.12.4", "databricks_sql_connector_version": "4.4.0", "profile_name": "atliq_gold", "target_name": "dev", "invocation_id": "7a4de4a6-dce1-4366-8e27-345c6872ad8b", "node_id": "model.atliq_gold.fact_sales"} */
SELECT
    table_catalog,
    table_schema,
    table_name,
    filter_name,
    target_columns
  FROM `atliq`.`information_schema`.`row_filters`
  WHERE table_catalog = 'atliq'
    AND table_schema = 'gold'
    AND table_name = 'fact_sales'
[0m08:58:39.496426 [debug] [Thread-3 (]: SQL status: OK in 0.540 seconds
[0m08:58:39.501547 [debug] [Thread-3 (]: Databricks adapter: Cursor(session-id=01f19b7e-0f64-18f5-9f2a-c982a910ba78, command-id=01f19b7e-11b3-19a5-ad8d-13b3e40e9301) - Closing
[0m08:58:39.507428 [debug] [Thread-3 (]: Using databricks connection "model.atliq_gold.fact_sales"
[0m08:58:39.508107 [debug] [Thread-3 (]: On model.atliq_gold.fact_sales: /* {"app": "dbt", "dbt_version": "1.12.0", "dbt_databricks_version": "1.12.4", "databricks_sql_connector_version": "4.4.0", "profile_name": "atliq_gold", "target_name": "dev", "invocation_id": "7a4de4a6-dce1-4366-8e27-345c6872ad8b", "node_id": "model.atliq_gold.fact_sales"} */
SHOW TBLPROPERTIES `atliq`.`gold`.`fact_sales`
  
[0m08:58:40.005738 [debug] [Thread-3 (]: SQL status: OK in 0.500 seconds
[0m08:58:40.007659 [debug] [Thread-3 (]: Databricks adapter: Cursor(session-id=01f19b7e-0f64-18f5-9f2a-c982a910ba78, command-id=01f19b7e-1207-1b85-a52c-208ab9abe97e) - Closing
[0m08:58:40.010634 [debug] [Thread-3 (]: Using databricks connection "model.atliq_gold.fact_sales"
[0m08:58:40.011018 [debug] [Thread-3 (]: On model.atliq_gold.fact_sales: /* {"app": "dbt", "dbt_version": "1.12.0", "dbt_databricks_version": "1.12.4", "databricks_sql_connector_version": "4.4.0", "profile_name": "atliq_gold", "target_name": "dev", "invocation_id": "7a4de4a6-dce1-4366-8e27-345c6872ad8b", "node_id": "model.atliq_gold.fact_sales"} */
describe extended `atliq`.`gold`.`fact_sales`
  
[0m08:58:40.522498 [debug] [Thread-3 (]: SQL status: OK in 0.510 seconds
[0m08:58:40.532466 [debug] [Thread-3 (]: Databricks adapter: Cursor(session-id=01f19b7e-0f64-18f5-9f2a-c982a910ba78, command-id=01f19b7e-1254-1b9a-807b-bb0b517e71db) - Closing
[0m08:58:40.533666 [debug] [Thread-3 (]: Databricks adapter: Getting diff for ColumnCommentsConfig: comments={'order_item_id': '', 'customer_id': '', 'product_id': ''} persist=False and comments={'order_item_id': '', 'order_id': '', 'customer_id': '', 'product_id': '', 'order_date': '', 'quantity': '', 'item_price': '', 'gross_revenue': '', 'status': '', '': ''} persist=False
[0m08:58:40.537103 [debug] [Thread-3 (]: Using databricks connection "model.atliq_gold.fact_sales"
[0m08:58:40.537533 [debug] [Thread-3 (]: On model.atliq_gold.fact_sales: /* {"app": "dbt", "dbt_version": "1.12.0", "dbt_databricks_version": "1.12.4", "databricks_sql_connector_version": "4.4.0", "profile_name": "atliq_gold", "target_name": "dev", "invocation_id": "7a4de4a6-dce1-4366-8e27-345c6872ad8b", "node_id": "model.atliq_gold.fact_sales"} */

  
    create or replace temporary view `fact_sales__dbt_tmp` as
      with __dbt__cte__stg_order_items as (
SELECT 
    order_item_id, 
    order_id, 
    product_id, 
    quantity,
    item_price
FROM `atliq`.`silver`.`order_items`
),  __dbt__cte__stg_orders as (
-- models/staging/stg_orders.sql
SELECT 
    order_id, 
    customer_id, 
    order_date, 
    status, 
    order_amount
FROM 
    `atliq`.`silver`.`orders`
) -- models/gold/fact_sales.sql
-- Grain: one row per order item





-- Grain: one row per order item

SELECT
    oi.order_item_id,
    o.order_id,
    o.customer_id,
    oi.product_id,
    o.order_date,
    oi.quantity,
    oi.item_price,
    oi.quantity * oi.item_price AS gross_revenue,
    o.status

FROM __dbt__cte__stg_order_items AS oi

INNER JOIN __dbt__cte__stg_orders AS o
    ON oi.order_id = o.order_id



WHERE oi.order_item_id > (
    SELECT COALESCE(MAX(order_item_id), 0)
    FROM `atliq`.`gold`.`fact_sales`
)
  
[0m08:58:41.134885 [debug] [Thread-3 (]: SQL status: OK in 0.600 seconds
[0m08:58:41.136416 [debug] [Thread-3 (]: Databricks adapter: Cursor(session-id=01f19b7e-0f64-18f5-9f2a-c982a910ba78, command-id=01f19b7e-12a5-16bd-bd4c-6863f5bf9fcf) - Closing
[0m08:58:41.163400 [debug] [Thread-3 (]: Using databricks connection "model.atliq_gold.fact_sales"
[0m08:58:41.163842 [debug] [Thread-3 (]: On model.atliq_gold.fact_sales: /* {"app": "dbt", "dbt_version": "1.12.0", "dbt_databricks_version": "1.12.4", "databricks_sql_connector_version": "4.4.0", "profile_name": "atliq_gold", "target_name": "dev", "invocation_id": "7a4de4a6-dce1-4366-8e27-345c6872ad8b", "node_id": "model.atliq_gold.fact_sales"} */

    
  DESCRIBE TABLE EXTENDED `atliq`.`gold`.`fact_sales` AS JSON

  
[0m08:58:41.544091 [debug] [Thread-3 (]: SQL status: OK in 0.380 seconds
[0m08:58:41.551370 [debug] [Thread-3 (]: Databricks adapter: Cursor(session-id=01f19b7e-0f64-18f5-9f2a-c982a910ba78, command-id=01f19b7e-1304-1c2c-8cc4-ec18e41d6b71) - Closing
[0m08:58:41.554382 [debug] [Thread-3 (]: Using databricks connection "model.atliq_gold.fact_sales"
[0m08:58:41.555075 [debug] [Thread-3 (]: On model.atliq_gold.fact_sales: /* {"app": "dbt", "dbt_version": "1.12.0", "dbt_databricks_version": "1.12.4", "databricks_sql_connector_version": "4.4.0", "profile_name": "atliq_gold", "target_name": "dev", "invocation_id": "7a4de4a6-dce1-4366-8e27-345c6872ad8b", "node_id": "model.atliq_gold.fact_sales"} */

    
  DESCRIBE TABLE EXTENDED `fact_sales__dbt_tmp` AS JSON

  
[0m08:58:41.762590 [debug] [Thread-3 (]: SQL status: OK in 0.210 seconds
[0m08:58:41.769099 [debug] [Thread-3 (]: Databricks adapter: Cursor(session-id=01f19b7e-0f64-18f5-9f2a-c982a910ba78, command-id=01f19b7e-133f-1dc1-8d92-f30d05cb0060) - Closing
[0m08:58:41.786560 [debug] [Thread-3 (]: Writing runtime sql for node "model.atliq_gold.fact_sales"
[0m08:58:41.787688 [debug] [Thread-3 (]: Using databricks connection "model.atliq_gold.fact_sales"
[0m08:58:41.788095 [debug] [Thread-3 (]: On model.atliq_gold.fact_sales: /* {"app": "dbt", "dbt_version": "1.12.0", "dbt_databricks_version": "1.12.4", "databricks_sql_connector_version": "4.4.0", "profile_name": "atliq_gold", "target_name": "dev", "invocation_id": "7a4de4a6-dce1-4366-8e27-345c6872ad8b", "node_id": "model.atliq_gold.fact_sales"} */
-- back compat for old kwarg name
  
  
  
  
  
  
      
          
          
      
  

    merge
    into
        `atliq`.`gold`.`fact_sales` as DBT_INTERNAL_DEST
    using
        `fact_sales__dbt_tmp` as DBT_INTERNAL_SOURCE
    on
        
              DBT_INTERNAL_SOURCE.`order_item_id` <=> DBT_INTERNAL_DEST.`order_item_id`
          
    when matched
        then update set
            *
    when not matched
        then insert
            *

[0m08:58:46.159031 [debug] [Thread-3 (]: SQL status: OK in 4.370 seconds
[0m08:58:46.164413 [debug] [Thread-3 (]: Databricks adapter: Cursor(session-id=01f19b7e-0f64-18f5-9f2a-c982a910ba78, command-id=01f19b7e-1363-1b79-a3ec-6074f1ea011c) - Closing
[0m08:58:46.166127 [debug] [Thread-3 (]: On model.atliq_gold.fact_sales: Close
[0m08:58:46.166363 [debug] [Thread-3 (]: Databricks adapter: Connection(session-id=01f19b7e-0f64-18f5-9f2a-c982a910ba78) - Closing
[0m08:58:46.303178 [debug] [Thread-3 (]: Sending event: {'category': 'dbt', 'action': 'run_model', 'label': '7a4de4a6-dce1-4366-8e27-345c6872ad8b', 'context': [<snowplow_tracker.self_describing_json.SelfDescribingJson object at 0x10d0df490>]}
[0m08:58:46.304389 [info ] [Thread-3 (]: 3 of 8 OK created sql incremental model gold.fact_sales ........................ [[32mOK[0m in 11.48s]
[0m08:58:46.305271 [debug] [Thread-3 (]: Finished running node model.atliq_gold.fact_sales
[0m08:58:46.305857 [debug] [Thread-3 (]: Began running node model.atliq_gold.dim_products
[0m08:58:46.306628 [info ] [Thread-3 (]: 4 of 8 START sql table model gold.dim_products ................................. [RUN]
[0m08:58:46.307601 [debug] [Thread-3 (]: Databricks adapter: DatabricksDBTConnection(session-id=None, name=model.atliq_gold.dim_products) - Creating connection
[0m08:58:46.308096 [debug] [Thread-3 (]: Acquiring new databricks connection 'model.atliq_gold.dim_products'
[0m08:58:46.308527 [debug] [Thread-3 (]: Began compiling node model.atliq_gold.dim_products
[0m08:58:46.315612 [debug] [Thread-3 (]: Writing injected SQL for node "model.atliq_gold.dim_products"
[0m08:58:46.316774 [debug] [Thread-3 (]: Began executing node model.atliq_gold.dim_products
[0m08:58:46.317859 [debug] [Thread-3 (]: MATERIALIZING TABLE
[0m08:58:46.320082 [debug] [Thread-3 (]: Using databricks connection "model.atliq_gold.dim_products"
[0m08:58:46.320644 [debug] [Thread-3 (]: On model.atliq_gold.dim_products: /* {"app": "dbt", "dbt_version": "1.12.0", "dbt_databricks_version": "1.12.4", "databricks_sql_connector_version": "4.4.0", "profile_name": "atliq_gold", "target_name": "dev", "invocation_id": "7a4de4a6-dce1-4366-8e27-345c6872ad8b", "node_id": "model.atliq_gold.dim_products"} */
SELECT
    table_catalog,
    table_schema,
    table_name,
    filter_name,
    target_columns
  FROM `atliq`.`information_schema`.`row_filters`
  WHERE table_catalog = 'atliq'
    AND table_schema = 'gold'
    AND table_name = 'dim_products'
[0m08:58:46.321081 [debug] [Thread-3 (]: Opening a new connection, currently in state init
[0m08:58:46.685259 [debug] [Thread-3 (]: Databricks adapter: Connection(session-id=01f19b7e-163c-130e-8fa3-9e05f301d8c0) - Created
[0m08:58:47.275280 [debug] [Thread-3 (]: SQL status: OK in 0.950 seconds
[0m08:58:47.280981 [debug] [Thread-3 (]: Databricks adapter: Cursor(session-id=01f19b7e-163c-130e-8fa3-9e05f301d8c0, command-id=01f19b7e-164e-15f6-9d4c-f22b36075e1d) - Closing
[0m08:58:47.286427 [debug] [Thread-3 (]: Writing runtime sql for node "model.atliq_gold.dim_products"
[0m08:58:47.287743 [debug] [Thread-3 (]: Using databricks connection "model.atliq_gold.dim_products"
[0m08:58:47.288376 [debug] [Thread-3 (]: On model.atliq_gold.dim_products: /* {"app": "dbt", "dbt_version": "1.12.0", "dbt_databricks_version": "1.12.4", "databricks_sql_connector_version": "4.4.0", "profile_name": "atliq_gold", "target_name": "dev", "invocation_id": "7a4de4a6-dce1-4366-8e27-345c6872ad8b", "node_id": "model.atliq_gold.dim_products"} */

  
    
        create or replace table `atliq`.`gold`.`dim_products`
      
      
    using delta
  
      
      
      
      
      
      location 'abfss://lakehouse@atliqcommerce.dfs.core.windows.net/gold/dim_products'
      
      
      as
      with __dbt__cte__stg_products as (
SELECT 
    product_id, 
    product_name, 
    category, 
    unit_price
FROM `atliq`.`silver`.`products`
),  __dbt__cte__stg_supplier_price_list as (
SELECT 
    product_id, 
    product_name, 
    supplier_name,
    supplier_cost,
    effective_date
FROM `atliq`.`silver`.`supplier_price_list`
) -- models/gold/dim_product.sql

SELECT
    p.product_id,
    p.product_name,
    p.category,
    p.unit_price,
    s.supplier_cost,
    (p.unit_price - s.supplier_cost) AS unit_margin

FROM __dbt__cte__stg_products AS p

LEFT JOIN __dbt__cte__stg_supplier_price_list AS s
    ON p.product_id = s.product_id
  
[0m08:58:49.721645 [debug] [Thread-3 (]: SQL status: OK in 2.430 seconds
[0m08:58:49.724230 [debug] [Thread-3 (]: Databricks adapter: Cursor(session-id=01f19b7e-163c-130e-8fa3-9e05f301d8c0, command-id=01f19b7e-16aa-1b32-aa7c-228887333c01) - Closing
[0m08:58:49.725996 [debug] [Thread-3 (]: Applying tags to relation None
[0m08:58:49.729305 [debug] [Thread-3 (]: On model.atliq_gold.dim_products: Close
[0m08:58:49.729669 [debug] [Thread-3 (]: Databricks adapter: Connection(session-id=01f19b7e-163c-130e-8fa3-9e05f301d8c0) - Closing
[0m08:58:49.870175 [debug] [Thread-3 (]: Sending event: {'category': 'dbt', 'action': 'run_model', 'label': '7a4de4a6-dce1-4366-8e27-345c6872ad8b', 'context': [<snowplow_tracker.self_describing_json.SelfDescribingJson object at 0x1172d8090>]}
[0m08:58:49.873173 [info ] [Thread-3 (]: 4 of 8 OK created sql table model gold.dim_products ............................ [[32mOK[0m in 3.56s]
[0m08:58:49.874138 [debug] [Thread-3 (]: Finished running node model.atliq_gold.dim_products
[0m08:58:49.874838 [debug] [Thread-3 (]: Began running node test.atliq_gold.not_null_fact_sales_order_item_id.7707ac1abf
[0m08:58:49.876131 [info ] [Thread-3 (]: 5 of 8 START test not_null_fact_sales_order_item_id ............................ [RUN]
[0m08:58:49.877154 [debug] [Thread-3 (]: Databricks adapter: DatabricksDBTConnection(session-id=None, name=test.atliq_gold.not_null_fact_sales_order_item_id.7707ac1abf) - Creating connection
[0m08:58:49.877700 [debug] [Thread-3 (]: Acquiring new databricks connection 'test.atliq_gold.not_null_fact_sales_order_item_id.7707ac1abf'
[0m08:58:49.878182 [debug] [Thread-3 (]: Began compiling node test.atliq_gold.not_null_fact_sales_order_item_id.7707ac1abf
[0m08:58:49.899737 [debug] [Thread-3 (]: Writing injected SQL for node "test.atliq_gold.not_null_fact_sales_order_item_id.7707ac1abf"
[0m08:58:49.900763 [debug] [Thread-3 (]: Began executing node test.atliq_gold.not_null_fact_sales_order_item_id.7707ac1abf
[0m08:58:49.912687 [debug] [Thread-3 (]: Writing runtime sql for node "test.atliq_gold.not_null_fact_sales_order_item_id.7707ac1abf"
[0m08:58:49.913196 [debug] [Thread-3 (]: Using databricks connection "test.atliq_gold.not_null_fact_sales_order_item_id.7707ac1abf"
[0m08:58:49.913466 [debug] [Thread-3 (]: On test.atliq_gold.not_null_fact_sales_order_item_id.7707ac1abf: /* {"app": "dbt", "dbt_version": "1.12.0", "dbt_databricks_version": "1.12.4", "databricks_sql_connector_version": "4.4.0", "profile_name": "atliq_gold", "target_name": "dev", "invocation_id": "7a4de4a6-dce1-4366-8e27-345c6872ad8b", "node_id": "test.atliq_gold.not_null_fact_sales_order_item_id.7707ac1abf"} */

    
    select
      count(*) as failures,
      count(*) != 0 as should_warn,
      count(*) != 0 as should_error
    from (
      
    
  
    
    



select order_item_id
from `atliq`.`gold`.`fact_sales`
where order_item_id is null



  
  
      
    ) dbt_internal_test
[0m08:58:49.913718 [debug] [Thread-3 (]: Opening a new connection, currently in state init
[0m08:58:50.244540 [debug] [Thread-3 (]: Databricks adapter: Connection(session-id=01f19b7e-185b-1a4a-b0b3-1f74552fccbe) - Created
[0m08:58:50.863793 [debug] [Thread-3 (]: SQL status: OK in 0.950 seconds
[0m08:58:50.871894 [debug] [Thread-3 (]: Databricks adapter: Cursor(session-id=01f19b7e-185b-1a4a-b0b3-1f74552fccbe, command-id=01f19b7e-186e-1470-8b4e-a76efd94eb59) - Closing
[0m08:58:50.881685 [debug] [Thread-3 (]: On test.atliq_gold.not_null_fact_sales_order_item_id.7707ac1abf: Close
[0m08:58:50.882128 [debug] [Thread-3 (]: Databricks adapter: Connection(session-id=01f19b7e-185b-1a4a-b0b3-1f74552fccbe) - Closing
[0m08:58:51.005646 [info ] [Thread-3 (]: 5 of 8 PASS not_null_fact_sales_order_item_id .................................. [[32mPASS[0m in 1.13s]
[0m08:58:51.006775 [debug] [Thread-3 (]: Finished running node test.atliq_gold.not_null_fact_sales_order_item_id.7707ac1abf
[0m08:58:51.007408 [debug] [Thread-3 (]: Began running node test.atliq_gold.relationships_fact_sales_customer_id__customer_id__ref_dim_customers_.540baa6d47
[0m08:58:51.008002 [info ] [Thread-3 (]: 6 of 8 START test relationships_fact_sales_customer_id__customer_id__ref_dim_customers_  [RUN]
[0m08:58:51.009007 [debug] [Thread-3 (]: Databricks adapter: DatabricksDBTConnection(session-id=None, name=test.atliq_gold.relationships_fact_sales_customer_id__customer_id__ref_dim_customers_.540baa6d47) - Creating connection
[0m08:58:51.009648 [debug] [Thread-3 (]: Acquiring new databricks connection 'test.atliq_gold.relationships_fact_sales_customer_id__customer_id__ref_dim_customers_.540baa6d47'
[0m08:58:51.010215 [debug] [Thread-3 (]: Began compiling node test.atliq_gold.relationships_fact_sales_customer_id__customer_id__ref_dim_customers_.540baa6d47
[0m08:58:51.037492 [debug] [Thread-3 (]: Writing injected SQL for node "test.atliq_gold.relationships_fact_sales_customer_id__customer_id__ref_dim_customers_.540baa6d47"
[0m08:58:51.038186 [debug] [Thread-3 (]: Began executing node test.atliq_gold.relationships_fact_sales_customer_id__customer_id__ref_dim_customers_.540baa6d47
[0m08:58:51.039480 [debug] [Thread-3 (]: Writing runtime sql for node "test.atliq_gold.relationships_fact_sales_customer_id__customer_id__ref_dim_customers_.540baa6d47"
[0m08:58:51.040153 [debug] [Thread-3 (]: Using databricks connection "test.atliq_gold.relationships_fact_sales_customer_id__customer_id__ref_dim_customers_.540baa6d47"
[0m08:58:51.040474 [debug] [Thread-3 (]: On test.atliq_gold.relationships_fact_sales_customer_id__customer_id__ref_dim_customers_.540baa6d47: /* {"app": "dbt", "dbt_version": "1.12.0", "dbt_databricks_version": "1.12.4", "databricks_sql_connector_version": "4.4.0", "profile_name": "atliq_gold", "target_name": "dev", "invocation_id": "7a4de4a6-dce1-4366-8e27-345c6872ad8b", "node_id": "test.atliq_gold.relationships_fact_sales_customer_id__customer_id__ref_dim_customers_.540baa6d47"} */

    
    select
      count(*) as failures,
      count(*) != 0 as should_warn,
      count(*) != 0 as should_error
    from (
      
    
  
    
    

with child as (
    select customer_id as from_field
    from `atliq`.`gold`.`fact_sales`
    where customer_id is not null
),

parent as (
    select customer_id as to_field
    from `atliq`.`gold`.`dim_customers`
)

select
    from_field

from child
left join parent
    on child.from_field = parent.to_field

where parent.to_field is null



  
  
      
    ) dbt_internal_test
[0m08:58:51.040751 [debug] [Thread-3 (]: Opening a new connection, currently in state init
[0m08:58:51.389153 [debug] [Thread-3 (]: Databricks adapter: Connection(session-id=01f19b7e-1907-14c1-8820-5a3d7f0295e4) - Created
[0m08:58:52.501724 [debug] [Thread-3 (]: SQL status: OK in 1.460 seconds
[0m08:58:52.506284 [debug] [Thread-3 (]: Databricks adapter: Cursor(session-id=01f19b7e-1907-14c1-8820-5a3d7f0295e4, command-id=01f19b7e-191c-1e48-b132-672949082dfa) - Closing
[0m08:58:52.507571 [debug] [Thread-3 (]: On test.atliq_gold.relationships_fact_sales_customer_id__customer_id__ref_dim_customers_.540baa6d47: Close
[0m08:58:52.508107 [debug] [Thread-3 (]: Databricks adapter: Connection(session-id=01f19b7e-1907-14c1-8820-5a3d7f0295e4) - Closing
[0m08:58:52.640295 [info ] [Thread-3 (]: 6 of 8 PASS relationships_fact_sales_customer_id__customer_id__ref_dim_customers_  [[32mPASS[0m in 1.63s]
[0m08:58:52.641234 [debug] [Thread-3 (]: Finished running node test.atliq_gold.relationships_fact_sales_customer_id__customer_id__ref_dim_customers_.540baa6d47
[0m08:58:52.641637 [debug] [Thread-3 (]: Began running node test.atliq_gold.unique_fact_sales_order_item_id.4f7c479761
[0m08:58:52.642010 [info ] [Thread-3 (]: 7 of 8 START test unique_fact_sales_order_item_id .............................. [RUN]
[0m08:58:52.642589 [debug] [Thread-3 (]: Databricks adapter: DatabricksDBTConnection(session-id=None, name=test.atliq_gold.unique_fact_sales_order_item_id.4f7c479761) - Creating connection
[0m08:58:52.642926 [debug] [Thread-3 (]: Acquiring new databricks connection 'test.atliq_gold.unique_fact_sales_order_item_id.4f7c479761'
[0m08:58:52.643248 [debug] [Thread-3 (]: Began compiling node test.atliq_gold.unique_fact_sales_order_item_id.4f7c479761
[0m08:58:52.656220 [debug] [Thread-3 (]: Writing injected SQL for node "test.atliq_gold.unique_fact_sales_order_item_id.4f7c479761"
[0m08:58:52.657640 [debug] [Thread-3 (]: Began executing node test.atliq_gold.unique_fact_sales_order_item_id.4f7c479761
[0m08:58:52.660277 [debug] [Thread-3 (]: Writing runtime sql for node "test.atliq_gold.unique_fact_sales_order_item_id.4f7c479761"
[0m08:58:52.683700 [debug] [Thread-3 (]: Using databricks connection "test.atliq_gold.unique_fact_sales_order_item_id.4f7c479761"
[0m08:58:52.684167 [debug] [Thread-3 (]: On test.atliq_gold.unique_fact_sales_order_item_id.4f7c479761: /* {"app": "dbt", "dbt_version": "1.12.0", "dbt_databricks_version": "1.12.4", "databricks_sql_connector_version": "4.4.0", "profile_name": "atliq_gold", "target_name": "dev", "invocation_id": "7a4de4a6-dce1-4366-8e27-345c6872ad8b", "node_id": "test.atliq_gold.unique_fact_sales_order_item_id.4f7c479761"} */

    
    select
      count(*) as failures,
      count(*) != 0 as should_warn,
      count(*) != 0 as should_error
    from (
      
    
  
    
    

select
    order_item_id as unique_field,
    count(*) as n_records

from `atliq`.`gold`.`fact_sales`
where order_item_id is not null
group by order_item_id
having count(*) > 1



  
  
      
    ) dbt_internal_test
[0m08:58:52.684455 [debug] [Thread-3 (]: Opening a new connection, currently in state init
[0m08:58:53.021334 [debug] [Thread-3 (]: Databricks adapter: Connection(session-id=01f19b7e-1a02-1229-b633-e0b0343f7610) - Created
[0m08:58:53.628830 [debug] [Thread-3 (]: SQL status: OK in 0.940 seconds
[0m08:58:53.633524 [debug] [Thread-3 (]: Databricks adapter: Cursor(session-id=01f19b7e-1a02-1229-b633-e0b0343f7610, command-id=01f19b7e-1a15-1496-9059-592ce5fbf279) - Closing
[0m08:58:53.634763 [debug] [Thread-3 (]: On test.atliq_gold.unique_fact_sales_order_item_id.4f7c479761: Close
[0m08:58:53.635280 [debug] [Thread-3 (]: Databricks adapter: Connection(session-id=01f19b7e-1a02-1229-b633-e0b0343f7610) - Closing
[0m08:58:53.763364 [info ] [Thread-3 (]: 7 of 8 PASS unique_fact_sales_order_item_id .................................... [[32mPASS[0m in 1.12s]
[0m08:58:53.764686 [debug] [Thread-3 (]: Finished running node test.atliq_gold.unique_fact_sales_order_item_id.4f7c479761
[0m08:58:53.765484 [debug] [Thread-3 (]: Began running node test.atliq_gold.relationships_fact_sales_product_id__product_id__ref_dim_products_.c768410e5b
[0m08:58:53.766160 [info ] [Thread-3 (]: 8 of 8 START test relationships_fact_sales_product_id__product_id__ref_dim_products_  [RUN]
[0m08:58:53.767110 [debug] [Thread-3 (]: Databricks adapter: DatabricksDBTConnection(session-id=None, name=test.atliq_gold.relationships_fact_sales_product_id__product_id__ref_dim_products_.c768410e5b) - Creating connection
[0m08:58:53.767745 [debug] [Thread-3 (]: Acquiring new databricks connection 'test.atliq_gold.relationships_fact_sales_product_id__product_id__ref_dim_products_.c768410e5b'
[0m08:58:53.768212 [debug] [Thread-3 (]: Began compiling node test.atliq_gold.relationships_fact_sales_product_id__product_id__ref_dim_products_.c768410e5b
[0m08:58:53.793806 [debug] [Thread-3 (]: Writing injected SQL for node "test.atliq_gold.relationships_fact_sales_product_id__product_id__ref_dim_products_.c768410e5b"
[0m08:58:53.794451 [debug] [Thread-3 (]: Began executing node test.atliq_gold.relationships_fact_sales_product_id__product_id__ref_dim_products_.c768410e5b
[0m08:58:53.795856 [debug] [Thread-3 (]: Writing runtime sql for node "test.atliq_gold.relationships_fact_sales_product_id__product_id__ref_dim_products_.c768410e5b"
[0m08:58:53.796613 [debug] [Thread-3 (]: Using databricks connection "test.atliq_gold.relationships_fact_sales_product_id__product_id__ref_dim_products_.c768410e5b"
[0m08:58:53.796980 [debug] [Thread-3 (]: On test.atliq_gold.relationships_fact_sales_product_id__product_id__ref_dim_products_.c768410e5b: /* {"app": "dbt", "dbt_version": "1.12.0", "dbt_databricks_version": "1.12.4", "databricks_sql_connector_version": "4.4.0", "profile_name": "atliq_gold", "target_name": "dev", "invocation_id": "7a4de4a6-dce1-4366-8e27-345c6872ad8b", "node_id": "test.atliq_gold.relationships_fact_sales_product_id__product_id__ref_dim_products_.c768410e5b"} */

    
    select
      count(*) as failures,
      count(*) != 0 as should_warn,
      count(*) != 0 as should_error
    from (
      
    
  
    
    

with child as (
    select product_id as from_field
    from `atliq`.`gold`.`fact_sales`
    where product_id is not null
),

parent as (
    select product_id as to_field
    from `atliq`.`gold`.`dim_products`
)

select
    from_field

from child
left join parent
    on child.from_field = parent.to_field

where parent.to_field is null



  
  
      
    ) dbt_internal_test
[0m08:58:53.797284 [debug] [Thread-3 (]: Opening a new connection, currently in state init
[0m08:58:54.141101 [debug] [Thread-3 (]: Databricks adapter: Connection(session-id=01f19b7e-1aad-1521-a438-e95528d9df3c) - Created
[0m08:58:54.858265 [debug] [Thread-3 (]: SQL status: OK in 1.060 seconds
[0m08:58:54.860920 [debug] [Thread-3 (]: Databricks adapter: Cursor(session-id=01f19b7e-1aad-1521-a438-e95528d9df3c, command-id=01f19b7e-1ac0-17f7-9b0b-c1fd6983684a) - Closing
[0m08:58:54.861802 [debug] [Thread-3 (]: On test.atliq_gold.relationships_fact_sales_product_id__product_id__ref_dim_products_.c768410e5b: Close
[0m08:58:54.862219 [debug] [Thread-3 (]: Databricks adapter: Connection(session-id=01f19b7e-1aad-1521-a438-e95528d9df3c) - Closing
[0m08:58:54.989568 [info ] [Thread-3 (]: 8 of 8 PASS relationships_fact_sales_product_id__product_id__ref_dim_products_ . [[32mPASS[0m in 1.22s]
[0m08:58:54.990844 [debug] [Thread-3 (]: Finished running node test.atliq_gold.relationships_fact_sales_product_id__product_id__ref_dim_products_.c768410e5b
[0m08:58:54.993182 [debug] [MainThread]: Databricks adapter: DatabricksDBTConnection(session-id=None, name=master) - Creating connection
[0m08:58:54.993693 [debug] [MainThread]: Acquiring new databricks connection 'master'
[0m08:58:54.994695 [info ] [MainThread]: 
[0m08:58:54.995409 [info ] [MainThread]: Finished running 1 incremental model, 3 table models, 4 data tests in 0 hours 4 minutes and 10.00 seconds (250.00s).
[0m08:58:54.997458 [debug] [MainThread]: Command end result
[0m08:58:55.047545 [debug] [MainThread]: Wrote artifact WritableManifest to /Users/shalinigoutam/Desktop/Codebasics/bootcamp-projects/atliq-commerce-data-pipeline/atliq_gold/target/manifest.json
[0m08:58:55.050397 [debug] [MainThread]: Wrote artifact SemanticManifest to /Users/shalinigoutam/Desktop/Codebasics/bootcamp-projects/atliq-commerce-data-pipeline/atliq_gold/target/semantic_manifest.json
[0m08:58:55.052263 [debug] [MainThread]: Wrote artifact OsiDocument to /Users/shalinigoutam/Desktop/Codebasics/bootcamp-projects/atliq-commerce-data-pipeline/atliq_gold/target/osi_document.json
[0m08:58:55.057399 [debug] [MainThread]: Wrote artifact RunExecutionResult to /Users/shalinigoutam/Desktop/Codebasics/bootcamp-projects/atliq-commerce-data-pipeline/atliq_gold/target/run_results.json
[0m08:58:55.057589 [info ] [MainThread]: 
[0m08:58:55.057814 [info ] [MainThread]: [32mCompleted successfully[0m
[0m08:58:55.057975 [info ] [MainThread]: 
[0m08:58:55.058161 [info ] [MainThread]: Done. PASS=8 WARN=0 ERROR=0 SKIP=0 NO-OP=0 REUSED=0 TOTAL=8
[0m08:58:55.062740 [debug] [MainThread]: Resource report: {"command_name": "build", "command_success": true, "command_wall_clock_time": 251.42856, "process_in_blocks": "0", "process_kernel_time": 0.502586, "process_mem_max_rss": "278790144", "process_out_blocks": "0", "process_user_time": 3.047231}
[0m08:58:55.063068 [debug] [MainThread]: Command `dbt build` succeeded at 08:58:55.063019 after 251.43 seconds
[0m08:58:55.063322 [debug] [MainThread]: Sending event: {'category': 'dbt', 'action': 'invocation', 'label': 'end', 'context': [<snowplow_tracker.self_describing_json.SelfDescribingJson object at 0x10e3c01d0>, <snowplow_tracker.self_describing_json.SelfDescribingJson object at 0x10e3c20d0>, <snowplow_tracker.self_describing_json.SelfDescribingJson object at 0x10e2b7e50>]}
[0m08:58:55.063504 [debug] [MainThread]: Flushing usage events
[0m08:58:56.390135 [debug] [MainThread]: An error was encountered while trying to flush usage events
[0m12:54:20.692562 [debug] [MainThread]: Sending event: {'category': 'dbt', 'action': 'invocation', 'label': 'start', 'context': [<snowplow_tracker.self_describing_json.SelfDescribingJson object at 0x10a863550>, <snowplow_tracker.self_describing_json.SelfDescribingJson object at 0x10a911590>, <snowplow_tracker.self_describing_json.SelfDescribingJson object at 0x10a911210>]}


============================== 12:54:20.695278 | 2ae8474f-3137-4bdc-b1b4-9d4f738bba93 ==============================
[0m12:54:20.695278 [info ] [MainThread]: Running with dbt=1.12.0
[0m12:54:20.695617 [debug] [MainThread]: running dbt with arguments {'log_cache_events': 'False', 'log_format': 'default', 'empty': 'None', 'use_colors': 'True', 'send_anonymous_usage_stats': 'True', 'version_check': 'True', 'printer_width': '80', 'fail_fast': 'False', 'introspect': 'True', 'quiet': 'False', 'warn_error': 'None', 'profiles_dir': '/Users/shalinigoutam/.dbt', 'use_experimental_parser': 'False', 'invocation_command': 'dbt debug', 'partial_parse': 'True', 'log_path': '/Users/shalinigoutam/Desktop/Codebasics/bootcamp-projects/atliq-commerce-data-pipeline/atliq_gold_dbt/logs', 'static_parser': 'True', 'target_path': 'None', 'maximum_seed_size_mib': '1', 'indirect_selection': 'eager', 'no_print': 'None', 'hints_enabled': 'True', 'warn_error_options': 'WarnErrorOptionsV2(error=[], warn=[], silence=[])', 'cache_selected_only': 'False', 'debug': 'False', 'write_json': 'True'}
[0m12:54:20.703234 [info ] [MainThread]: dbt version: 1.12.0
[0m12:54:20.703461 [info ] [MainThread]: python version: 3.11.15
[0m12:54:20.703621 [info ] [MainThread]: python path: /Users/shalinigoutam/Desktop/Codebasics/bootcamp-projects/atliq-commerce-data-pipeline/.venv/bin/python
[0m12:54:20.703765 [info ] [MainThread]: os info: macOS-26.5.1-arm64-arm-64bit
[0m12:54:21.170775 [debug] [MainThread]: Spark adapter: Setting pyhive.hive logging to ERROR
[0m12:54:21.171037 [debug] [MainThread]: Spark adapter: Setting thrift.transport logging to ERROR
[0m12:54:21.171188 [debug] [MainThread]: Spark adapter: Setting thrift.protocol logging to ERROR
[0m12:54:21.626340 [info ] [MainThread]: Using profiles dir at /Users/shalinigoutam/.dbt
[0m12:54:21.626606 [info ] [MainThread]: Using profiles.yml file at /Users/shalinigoutam/.dbt/profiles.yml
[0m12:54:21.626766 [info ] [MainThread]: Using dbt_project.yml file at /Users/shalinigoutam/Desktop/Codebasics/bootcamp-projects/atliq-commerce-data-pipeline/atliq_gold_dbt/dbt_project.yml
[0m12:54:21.626913 [info ] [MainThread]: adapter type: databricks
[0m12:54:21.627044 [info ] [MainThread]: adapter version: 1.12.4
[0m12:54:21.672857 [info ] [MainThread]: Configuration:
[0m12:54:21.673120 [info ] [MainThread]:   profiles.yml file [[32mOK found and valid[0m]
[0m12:54:21.673276 [info ] [MainThread]:   dbt_project.yml file [[32mOK found and valid[0m]
[0m12:54:21.673414 [info ] [MainThread]: Required dependencies:
[0m12:54:21.673608 [debug] [MainThread]: Executing "git --help"
[0m12:54:21.692343 [debug] [MainThread]: STDOUT: "b"usage: git [-v | --version] [-h | --help] [-C <path>] [-c <name>=<value>]\n           [--exec-path[=<path>]] [--html-path] [--man-path] [--info-path]\n           [-p | --paginate | -P | --no-pager] [--no-replace-objects] [--no-lazy-fetch]\n           [--no-optional-locks] [--no-advice] [--bare] [--git-dir=<path>]\n           [--work-tree=<path>] [--namespace=<name>] [--config-env=<name>=<envvar>]\n           <command> [<args>]\n\nThese are common Git commands used in various situations:\n\nstart a working area (see also: git help tutorial)\n   clone      Clone a repository into a new directory\n   init       Create an empty Git repository or reinitialize an existing one\n\nwork on the current change (see also: git help everyday)\n   add        Add file contents to the index\n   mv         Move or rename a file, a directory, or a symlink\n   restore    Restore working tree files\n   rm         Remove files from the working tree and from the index\n\nexamine the history and state (see also: git help revisions)\n   bisect     Use binary search to find the commit that introduced a bug\n   diff       Show changes between commits, commit and working tree, etc\n   grep       Print lines matching a pattern\n   log        Show commit logs\n   show       Show various types of objects\n   status     Show the working tree status\n\ngrow, mark and tweak your common history\n   backfill   Download missing objects in a partial clone\n   branch     List, create, or delete branches\n   commit     Record changes to the repository\n   merge      Join two or more development histories together\n   rebase     Reapply commits on top of another base tip\n   reset      Set `HEAD` or the index to a known state\n   switch     Switch branches\n   tag        Create, list, delete or verify tags\n\ncollaborate (see also: git help workflows)\n   fetch      Download objects and refs from another repository\n   pull       Fetch from and integrate with another repository or a local branch\n   push       Update remote refs along with associated objects\n\n'git help -a' and 'git help -g' list available subcommands and some\nconcept guides. See 'git help <command>' or 'git help <concept>'\nto read about a specific subcommand or concept.\nSee 'git help git' for an overview of the system.\n""
[0m12:54:21.692840 [debug] [MainThread]: STDERR: "b''"
[0m12:54:21.693004 [info ] [MainThread]:  - git [[32mOK found[0m]

[0m12:54:21.693169 [info ] [MainThread]: Connection:
[0m12:54:21.693384 [info ] [MainThread]:   host: adb-7405613786725931.11.azuredatabricks.net
[0m12:54:21.693541 [info ] [MainThread]:   http_path: /sql/1.0/warehouses/ca0f9a13b145c8c5
[0m12:54:21.693657 [info ] [MainThread]:   catalog: atliq
[0m12:54:21.693773 [info ] [MainThread]:   schema: gold
[0m12:54:21.694072 [info ] [MainThread]: Registered adapter: databricks=1.12.4
[0m12:54:21.785810 [debug] [MainThread]: Databricks adapter: DatabricksDBTConnection(session-id=None, name=debug) - Creating connection
[0m12:54:21.786149 [debug] [MainThread]: Acquiring new databricks connection 'debug'
[0m12:54:22.138622 [info ] [MainThread]: Databricks adapter:   SPOG host (host_type='workspace'): no
[0m12:54:22.139221 [info ] [MainThread]: Databricks adapter:   workspace_id (from ?o= in http_path): None
[0m12:54:22.139561 [info ] [MainThread]: Databricks adapter:   databricks-sql-connector version: 4.4.0 (supported)
[0m12:54:22.139884 [info ] [MainThread]: Databricks adapter:   databricks-sdk version: 0.117.0 (supported)
[0m12:54:22.140269 [debug] [MainThread]: Using databricks connection "debug"
[0m12:54:22.140573 [debug] [MainThread]: On debug: select 1 as id
[0m12:54:22.140866 [debug] [MainThread]: Opening a new connection, currently in state init
[0m12:54:23.467591 [debug] [MainThread]: Databricks adapter: Connection(session-id=01f19b9f-003c-1fcb-a600-e730be55c264) - Created
[0m12:54:29.928535 [debug] [MainThread]: SQL status: OK in 7.790 seconds
[0m12:54:29.930340 [debug] [MainThread]: Databricks adapter: Cursor(session-id=01f19b9f-003c-1fcb-a600-e730be55c264, command-id=01f19b9f-0093-15c1-9ece-f7087dd89e97) - Closing
[0m12:54:30.113910 [debug] [MainThread]: On debug: Close
[0m12:54:30.115175 [debug] [MainThread]: Databricks adapter: Connection(session-id=01f19b9f-003c-1fcb-a600-e730be55c264) - Closing
[0m12:54:30.278779 [info ] [MainThread]:   Connection test: [[32mOK connection ok[0m]

[0m12:54:30.279577 [info ] [MainThread]: [32mAll checks passed![0m
[0m12:54:30.290290 [debug] [MainThread]: Resource report: {"command_name": "debug", "command_success": true, "command_wall_clock_time": 9.645004, "process_in_blocks": "0", "process_kernel_time": 0.293985, "process_mem_max_rss": "265699328", "process_out_blocks": "0", "process_user_time": 1.640504}
[0m12:54:30.291266 [debug] [MainThread]: Command `dbt debug` succeeded at 12:54:30.291094 after 9.65 seconds
[0m12:54:30.292158 [debug] [MainThread]: Sending event: {'category': 'dbt', 'action': 'invocation', 'label': 'end', 'context': [<snowplow_tracker.self_describing_json.SelfDescribingJson object at 0x10a791fd0>, <snowplow_tracker.self_describing_json.SelfDescribingJson object at 0x10a84fd50>, <snowplow_tracker.self_describing_json.SelfDescribingJson object at 0x10a863f50>]}
[0m12:54:30.292715 [debug] [MainThread]: Flushing usage events
[0m12:54:31.794412 [debug] [MainThread]: An error was encountered while trying to flush usage events
[0m17:11:36.983366 [debug] [MainThread]: Sending event: {'category': 'dbt', 'action': 'invocation', 'label': 'start', 'context': [<snowplow_tracker.self_describing_json.SelfDescribingJson object at 0x10de269d0>, <snowplow_tracker.self_describing_json.SelfDescribingJson object at 0x10dd0e150>, <snowplow_tracker.self_describing_json.SelfDescribingJson object at 0x10dde3290>]}


============================== 17:11:36.986115 | f80128f2-c75b-47f9-820f-d445751302af ==============================
[0m17:11:36.986115 [info ] [MainThread]: Running with dbt=1.12.0
[0m17:11:36.986454 [debug] [MainThread]: running dbt with arguments {'warn_error_options': 'WarnErrorOptionsV2(error=[], warn=[], silence=[])', 'static_parser': 'True', 'cache_selected_only': 'False', 'log_format': 'default', 'log_path': '/Users/shalinigoutam/Desktop/Codebasics/bootcamp-projects/atliq-commerce-data-pipeline/atliq_gold_dbt/logs', 'empty': 'None', 'profiles_dir': '/Users/shalinigoutam/Desktop/Codebasics/bootcamp-projects/atliq-commerce-data-pipeline/atliq_gold_dbt', 'target_path': 'None', 'write_json': 'True', 'use_experimental_parser': 'False', 'fail_fast': 'False', 'printer_width': '80', 'no_print': 'None', 'introspect': 'True', 'partial_parse': 'True', 'log_cache_events': 'False', 'indirect_selection': 'eager', 'version_check': 'True', 'use_colors': 'True', 'quiet': 'False', 'send_anonymous_usage_stats': 'True', 'invocation_command': 'dbt debug', 'hints_enabled': 'True', 'warn_error': 'None', 'maximum_seed_size_mib': '1', 'debug': 'False'}
[0m17:11:36.996666 [info ] [MainThread]: dbt version: 1.12.0
[0m17:11:36.996892 [info ] [MainThread]: python version: 3.11.15
[0m17:11:36.997052 [info ] [MainThread]: python path: /Users/shalinigoutam/Desktop/Codebasics/bootcamp-projects/atliq-commerce-data-pipeline/.venv/bin/python
[0m17:11:36.997194 [info ] [MainThread]: os info: macOS-26.5.1-arm64-arm-64bit
[0m17:11:36.998992 [info ] [MainThread]: Using profiles dir at /Users/shalinigoutam/Desktop/Codebasics/bootcamp-projects/atliq-commerce-data-pipeline/atliq_gold_dbt
[0m17:11:36.999164 [info ] [MainThread]: Using profiles.yml file at /Users/shalinigoutam/Desktop/Codebasics/bootcamp-projects/atliq-commerce-data-pipeline/atliq_gold_dbt/profiles.yml
[0m17:11:36.999294 [info ] [MainThread]: Using dbt_project.yml file at /Users/shalinigoutam/Desktop/Codebasics/bootcamp-projects/atliq-commerce-data-pipeline/atliq_gold_dbt/dbt_project.yml
[0m17:11:37.045143 [info ] [MainThread]: Configuration:
[0m17:11:37.045397 [info ] [MainThread]:   profiles.yml file [[31mERROR invalid[0m]
[0m17:11:37.045553 [info ] [MainThread]:   dbt_project.yml file [[32mOK found and valid[0m]
[0m17:11:37.045692 [info ] [MainThread]: Required dependencies:
[0m17:11:37.045894 [debug] [MainThread]: Executing "git --help"
[0m17:11:37.064946 [debug] [MainThread]: STDOUT: "b"usage: git [-v | --version] [-h | --help] [-C <path>] [-c <name>=<value>]\n           [--exec-path[=<path>]] [--html-path] [--man-path] [--info-path]\n           [-p | --paginate | -P | --no-pager] [--no-replace-objects] [--no-lazy-fetch]\n           [--no-optional-locks] [--no-advice] [--bare] [--git-dir=<path>]\n           [--work-tree=<path>] [--namespace=<name>] [--config-env=<name>=<envvar>]\n           <command> [<args>]\n\nThese are common Git commands used in various situations:\n\nstart a working area (see also: git help tutorial)\n   clone      Clone a repository into a new directory\n   init       Create an empty Git repository or reinitialize an existing one\n\nwork on the current change (see also: git help everyday)\n   add        Add file contents to the index\n   mv         Move or rename a file, a directory, or a symlink\n   restore    Restore working tree files\n   rm         Remove files from the working tree and from the index\n\nexamine the history and state (see also: git help revisions)\n   bisect     Use binary search to find the commit that introduced a bug\n   diff       Show changes between commits, commit and working tree, etc\n   grep       Print lines matching a pattern\n   log        Show commit logs\n   show       Show various types of objects\n   status     Show the working tree status\n\ngrow, mark and tweak your common history\n   backfill   Download missing objects in a partial clone\n   branch     List, create, or delete branches\n   commit     Record changes to the repository\n   merge      Join two or more development histories together\n   rebase     Reapply commits on top of another base tip\n   reset      Set `HEAD` or the index to a known state\n   switch     Switch branches\n   tag        Create, list, delete or verify tags\n\ncollaborate (see also: git help workflows)\n   fetch      Download objects and refs from another repository\n   pull       Fetch from and integrate with another repository or a local branch\n   push       Update remote refs along with associated objects\n\n'git help -a' and 'git help -g' list available subcommands and some\nconcept guides. See 'git help <command>' or 'git help <concept>'\nto read about a specific subcommand or concept.\nSee 'git help git' for an overview of the system.\n""
[0m17:11:37.065489 [debug] [MainThread]: STDERR: "b''"
[0m17:11:37.065676 [info ] [MainThread]:  - git [[32mOK found[0m]

[0m17:11:37.065855 [info ] [MainThread]: Connection test skipped since no profile was found
[0m17:11:37.066005 [info ] [MainThread]: [31m1 check failed:[0m
[0m17:11:37.066140 [info ] [MainThread]: Profile loading failed for the following reason:
Runtime Error
  The profile 'atliq_gold_dbt' does not have a target named 'dev'. The valid target names for this profile are:
   - ci


[0m17:11:37.068536 [debug] [MainThread]: Resource report: {"command_name": "debug", "command_success": false, "command_wall_clock_time": 0.13424316, "process_in_blocks": "0", "process_kernel_time": 0.158189, "process_mem_max_rss": "125632512", "process_out_blocks": "0", "process_user_time": 0.708164}
[0m17:11:37.068841 [debug] [MainThread]: Command `dbt debug` failed at 17:11:37.068784 after 0.13 seconds
[0m17:11:37.069092 [debug] [MainThread]: Sending event: {'category': 'dbt', 'action': 'invocation', 'label': 'end', 'context': [<snowplow_tracker.self_describing_json.SelfDescribingJson object at 0x10de26c50>, <snowplow_tracker.self_describing_json.SelfDescribingJson object at 0x10dde3110>, <snowplow_tracker.self_describing_json.SelfDescribingJson object at 0x10dde3f90>]}
[0m17:11:37.069311 [debug] [MainThread]: Flushing usage events
[0m17:11:38.576041 [debug] [MainThread]: An error was encountered while trying to flush usage events
[0m17:24:59.477910 [debug] [MainThread]: Sending event: {'category': 'dbt', 'action': 'invocation', 'label': 'start', 'context': [<snowplow_tracker.self_describing_json.SelfDescribingJson object at 0x10c74bed0>, <snowplow_tracker.self_describing_json.SelfDescribingJson object at 0x10c5fc490>, <snowplow_tracker.self_describing_json.SelfDescribingJson object at 0x10c765a90>]}


============================== 17:24:59.480789 | a590ac12-f8ec-4d91-9d7f-23cd53e52ad5 ==============================
[0m17:24:59.480789 [info ] [MainThread]: Running with dbt=1.12.0
[0m17:24:59.481127 [debug] [MainThread]: running dbt with arguments {'quiet': 'False', 'introspect': 'True', 'fail_fast': 'False', 'warn_error': 'None', 'log_path': '/Users/shalinigoutam/Desktop/Codebasics/bootcamp-projects/atliq-commerce-data-pipeline/atliq_gold_dbt/logs', 'log_format': 'default', 'warn_error_options': 'WarnErrorOptionsV2(error=[], warn=[], silence=[])', 'hints_enabled': 'True', 'no_print': 'None', 'version_check': 'True', 'invocation_command': 'dbt debug', 'write_json': 'True', 'empty': 'None', 'debug': 'False', 'send_anonymous_usage_stats': 'True', 'printer_width': '80', 'cache_selected_only': 'False', 'use_experimental_parser': 'False', 'log_cache_events': 'False', 'partial_parse': 'True', 'use_colors': 'True', 'indirect_selection': 'eager', 'target_path': 'None', 'profiles_dir': '/Users/shalinigoutam/Desktop/Codebasics/bootcamp-projects/atliq-commerce-data-pipeline/atliq_gold_dbt', 'static_parser': 'True', 'maximum_seed_size_mib': '1'}
[0m17:24:59.490794 [info ] [MainThread]: dbt version: 1.12.0
[0m17:24:59.491016 [info ] [MainThread]: python version: 3.11.15
[0m17:24:59.491178 [info ] [MainThread]: python path: /Users/shalinigoutam/Desktop/Codebasics/bootcamp-projects/atliq-commerce-data-pipeline/.venv/bin/python
[0m17:24:59.491322 [info ] [MainThread]: os info: macOS-26.5.1-arm64-arm-64bit
[0m17:24:59.985941 [debug] [MainThread]: Spark adapter: Setting pyhive.hive logging to ERROR
[0m17:24:59.986207 [debug] [MainThread]: Spark adapter: Setting thrift.transport logging to ERROR
[0m17:24:59.986356 [debug] [MainThread]: Spark adapter: Setting thrift.protocol logging to ERROR
[0m17:25:00.631060 [info ] [MainThread]: Using profiles dir at /Users/shalinigoutam/Desktop/Codebasics/bootcamp-projects/atliq-commerce-data-pipeline/atliq_gold_dbt
[0m17:25:00.631343 [info ] [MainThread]: Using profiles.yml file at /Users/shalinigoutam/Desktop/Codebasics/bootcamp-projects/atliq-commerce-data-pipeline/atliq_gold_dbt/profiles.yml
[0m17:25:00.631508 [info ] [MainThread]: Using dbt_project.yml file at /Users/shalinigoutam/Desktop/Codebasics/bootcamp-projects/atliq-commerce-data-pipeline/atliq_gold_dbt/dbt_project.yml
[0m17:25:00.631663 [info ] [MainThread]: adapter type: databricks
[0m17:25:00.631797 [info ] [MainThread]: adapter version: 1.12.4
[0m17:25:00.676707 [info ] [MainThread]: Configuration:
[0m17:25:00.676975 [info ] [MainThread]:   profiles.yml file [[32mOK found and valid[0m]
[0m17:25:00.677133 [info ] [MainThread]:   dbt_project.yml file [[32mOK found and valid[0m]
[0m17:25:00.677276 [info ] [MainThread]: Required dependencies:
[0m17:25:00.677473 [debug] [MainThread]: Executing "git --help"
[0m17:25:00.695144 [debug] [MainThread]: STDOUT: "b"usage: git [-v | --version] [-h | --help] [-C <path>] [-c <name>=<value>]\n           [--exec-path[=<path>]] [--html-path] [--man-path] [--info-path]\n           [-p | --paginate | -P | --no-pager] [--no-replace-objects] [--no-lazy-fetch]\n           [--no-optional-locks] [--no-advice] [--bare] [--git-dir=<path>]\n           [--work-tree=<path>] [--namespace=<name>] [--config-env=<name>=<envvar>]\n           <command> [<args>]\n\nThese are common Git commands used in various situations:\n\nstart a working area (see also: git help tutorial)\n   clone      Clone a repository into a new directory\n   init       Create an empty Git repository or reinitialize an existing one\n\nwork on the current change (see also: git help everyday)\n   add        Add file contents to the index\n   mv         Move or rename a file, a directory, or a symlink\n   restore    Restore working tree files\n   rm         Remove files from the working tree and from the index\n\nexamine the history and state (see also: git help revisions)\n   bisect     Use binary search to find the commit that introduced a bug\n   diff       Show changes between commits, commit and working tree, etc\n   grep       Print lines matching a pattern\n   log        Show commit logs\n   show       Show various types of objects\n   status     Show the working tree status\n\ngrow, mark and tweak your common history\n   backfill   Download missing objects in a partial clone\n   branch     List, create, or delete branches\n   commit     Record changes to the repository\n   merge      Join two or more development histories together\n   rebase     Reapply commits on top of another base tip\n   reset      Set `HEAD` or the index to a known state\n   switch     Switch branches\n   tag        Create, list, delete or verify tags\n\ncollaborate (see also: git help workflows)\n   fetch      Download objects and refs from another repository\n   pull       Fetch from and integrate with another repository or a local branch\n   push       Update remote refs along with associated objects\n\n'git help -a' and 'git help -g' list available subcommands and some\nconcept guides. See 'git help <command>' or 'git help <concept>'\nto read about a specific subcommand or concept.\nSee 'git help git' for an overview of the system.\n""
[0m17:25:00.695766 [debug] [MainThread]: STDERR: "b''"
[0m17:25:00.695969 [info ] [MainThread]:  - git [[32mOK found[0m]

[0m17:25:00.696143 [info ] [MainThread]: Connection:
[0m17:25:00.696339 [info ] [MainThread]:   host: adb-7405613786725931.11.azuredatabricks.net
[0m17:25:00.696498 [info ] [MainThread]:   http_path: /sql/1.0/warehouses/ca0f9a13b145c8c5
[0m17:25:00.696625 [info ] [MainThread]:   catalog: atliq
[0m17:25:00.696942 [info ] [MainThread]:   schema: gold
[0m17:25:00.697347 [info ] [MainThread]: Registered adapter: databricks=1.12.4
[0m17:25:00.806873 [debug] [MainThread]: Databricks adapter: DatabricksDBTConnection(session-id=None, name=debug) - Creating connection
[0m17:25:00.807509 [debug] [MainThread]: Acquiring new databricks connection 'debug'
[0m17:25:01.194661 [info ] [MainThread]: Databricks adapter:   SPOG host (host_type='workspace'): no
[0m17:25:01.195374 [info ] [MainThread]: Databricks adapter:   workspace_id (from ?o= in http_path): None
[0m17:25:01.195803 [info ] [MainThread]: Databricks adapter:   databricks-sql-connector version: 4.4.0 (supported)
[0m17:25:01.196212 [info ] [MainThread]: Databricks adapter:   databricks-sdk version: 0.117.0 (supported)
[0m17:25:01.196689 [debug] [MainThread]: Using databricks connection "debug"
[0m17:25:01.197064 [debug] [MainThread]: On debug: select 1 as id
[0m17:25:01.197422 [debug] [MainThread]: Opening a new connection, currently in state init
[0m17:25:02.271184 [debug] [MainThread]: Databricks adapter: Connection(session-id=01f19bc4-cf51-1371-9482-6f2f4b0cd11a) - Created
[0m17:25:08.373854 [debug] [MainThread]: SQL status: OK in 7.180 seconds
[0m17:25:08.376049 [debug] [MainThread]: Databricks adapter: Cursor(session-id=01f19bc4-cf51-1371-9482-6f2f4b0cd11a, command-id=01f19bc4-cf9a-14ee-bea5-18bffa886ec0) - Closing
[0m17:25:08.584142 [debug] [MainThread]: On debug: Close
[0m17:25:08.585466 [debug] [MainThread]: Databricks adapter: Connection(session-id=01f19bc4-cf51-1371-9482-6f2f4b0cd11a) - Closing
[0m17:25:08.749257 [info ] [MainThread]:   Connection test: [[32mOK connection ok[0m]

[0m17:25:08.750265 [info ] [MainThread]: [32mAll checks passed![0m
[0m17:25:08.760628 [debug] [MainThread]: Resource report: {"command_name": "debug", "command_success": true, "command_wall_clock_time": 9.332544, "process_in_blocks": "0", "process_kernel_time": 0.333466, "process_mem_max_rss": "266289152", "process_out_blocks": "0", "process_user_time": 1.636972}
[0m17:25:08.761398 [debug] [MainThread]: Command `dbt debug` succeeded at 17:25:08.761253 after 9.33 seconds
[0m17:25:08.762003 [debug] [MainThread]: Sending event: {'category': 'dbt', 'action': 'invocation', 'label': 'end', 'context': [<snowplow_tracker.self_describing_json.SelfDescribingJson object at 0x10bfb1a10>, <snowplow_tracker.self_describing_json.SelfDescribingJson object at 0x10c5fc7d0>, <snowplow_tracker.self_describing_json.SelfDescribingJson object at 0x10c6aff50>]}
[0m17:25:08.762573 [debug] [MainThread]: Flushing usage events
[0m17:25:10.207327 [debug] [MainThread]: An error was encountered while trying to flush usage events
[0m17:25:17.495276 [debug] [MainThread]: Sending event: {'category': 'dbt', 'action': 'invocation', 'label': 'start', 'context': [<snowplow_tracker.self_describing_json.SelfDescribingJson object at 0x10b141d90>, <snowplow_tracker.self_describing_json.SelfDescribingJson object at 0x10e4acc10>, <snowplow_tracker.self_describing_json.SelfDescribingJson object at 0x10e4ad9d0>]}


============================== 17:25:17.497768 | b3b0fa3d-e47c-47fa-a209-a577362fc75f ==============================
[0m17:25:17.497768 [info ] [MainThread]: Running with dbt=1.12.0
[0m17:25:17.498112 [debug] [MainThread]: running dbt with arguments {'no_print': 'None', 'invocation_command': 'dbt debug', 'send_anonymous_usage_stats': 'True', 'empty': 'None', 'debug': 'False', 'hints_enabled': 'True', 'use_colors': 'True', 'log_path': '/Users/shalinigoutam/Desktop/Codebasics/bootcamp-projects/atliq-commerce-data-pipeline/atliq_gold_dbt/logs', 'fail_fast': 'False', 'log_format': 'default', 'partial_parse': 'True', 'indirect_selection': 'eager', 'warn_error_options': 'WarnErrorOptionsV2(error=[], warn=[], silence=[])', 'introspect': 'True', 'static_parser': 'True', 'profiles_dir': '/Users/shalinigoutam/Desktop/Codebasics/bootcamp-projects/atliq-commerce-data-pipeline/atliq_gold_dbt', 'warn_error': 'None', 'quiet': 'False', 'cache_selected_only': 'False', 'write_json': 'True', 'version_check': 'True', 'target_path': 'None', 'printer_width': '80', 'maximum_seed_size_mib': '1', 'use_experimental_parser': 'False', 'log_cache_events': 'False'}
[0m17:25:17.506485 [info ] [MainThread]: dbt version: 1.12.0
[0m17:25:17.506774 [info ] [MainThread]: python version: 3.11.15
[0m17:25:17.506944 [info ] [MainThread]: python path: /Users/shalinigoutam/Desktop/Codebasics/bootcamp-projects/atliq-commerce-data-pipeline/.venv/bin/python
[0m17:25:17.507090 [info ] [MainThread]: os info: macOS-26.5.1-arm64-arm-64bit
[0m17:25:17.968221 [debug] [MainThread]: Spark adapter: Setting pyhive.hive logging to ERROR
[0m17:25:17.968480 [debug] [MainThread]: Spark adapter: Setting thrift.transport logging to ERROR
[0m17:25:17.968627 [debug] [MainThread]: Spark adapter: Setting thrift.protocol logging to ERROR
[0m17:25:18.423826 [info ] [MainThread]: Using profiles dir at /Users/shalinigoutam/Desktop/Codebasics/bootcamp-projects/atliq-commerce-data-pipeline/atliq_gold_dbt
[0m17:25:18.424127 [info ] [MainThread]: Using profiles.yml file at /Users/shalinigoutam/Desktop/Codebasics/bootcamp-projects/atliq-commerce-data-pipeline/atliq_gold_dbt/profiles.yml
[0m17:25:18.424295 [info ] [MainThread]: Using dbt_project.yml file at /Users/shalinigoutam/Desktop/Codebasics/bootcamp-projects/atliq-commerce-data-pipeline/atliq_gold_dbt/dbt_project.yml
[0m17:25:18.424443 [info ] [MainThread]: adapter type: databricks
[0m17:25:18.424579 [info ] [MainThread]: adapter version: 1.12.4
[0m17:25:18.469910 [info ] [MainThread]: Configuration:
[0m17:25:18.470163 [info ] [MainThread]:   profiles.yml file [[32mOK found and valid[0m]
[0m17:25:18.470319 [info ] [MainThread]:   dbt_project.yml file [[32mOK found and valid[0m]
[0m17:25:18.470465 [info ] [MainThread]: Required dependencies:
[0m17:25:18.470669 [debug] [MainThread]: Executing "git --help"
[0m17:25:18.486003 [debug] [MainThread]: STDOUT: "b"usage: git [-v | --version] [-h | --help] [-C <path>] [-c <name>=<value>]\n           [--exec-path[=<path>]] [--html-path] [--man-path] [--info-path]\n           [-p | --paginate | -P | --no-pager] [--no-replace-objects] [--no-lazy-fetch]\n           [--no-optional-locks] [--no-advice] [--bare] [--git-dir=<path>]\n           [--work-tree=<path>] [--namespace=<name>] [--config-env=<name>=<envvar>]\n           <command> [<args>]\n\nThese are common Git commands used in various situations:\n\nstart a working area (see also: git help tutorial)\n   clone      Clone a repository into a new directory\n   init       Create an empty Git repository or reinitialize an existing one\n\nwork on the current change (see also: git help everyday)\n   add        Add file contents to the index\n   mv         Move or rename a file, a directory, or a symlink\n   restore    Restore working tree files\n   rm         Remove files from the working tree and from the index\n\nexamine the history and state (see also: git help revisions)\n   bisect     Use binary search to find the commit that introduced a bug\n   diff       Show changes between commits, commit and working tree, etc\n   grep       Print lines matching a pattern\n   log        Show commit logs\n   show       Show various types of objects\n   status     Show the working tree status\n\ngrow, mark and tweak your common history\n   backfill   Download missing objects in a partial clone\n   branch     List, create, or delete branches\n   commit     Record changes to the repository\n   merge      Join two or more development histories together\n   rebase     Reapply commits on top of another base tip\n   reset      Set `HEAD` or the index to a known state\n   switch     Switch branches\n   tag        Create, list, delete or verify tags\n\ncollaborate (see also: git help workflows)\n   fetch      Download objects and refs from another repository\n   pull       Fetch from and integrate with another repository or a local branch\n   push       Update remote refs along with associated objects\n\n'git help -a' and 'git help -g' list available subcommands and some\nconcept guides. See 'git help <command>' or 'git help <concept>'\nto read about a specific subcommand or concept.\nSee 'git help git' for an overview of the system.\n""
[0m17:25:18.486556 [debug] [MainThread]: STDERR: "b''"
[0m17:25:18.486719 [info ] [MainThread]:  - git [[32mOK found[0m]

[0m17:25:18.486881 [info ] [MainThread]: Connection:
[0m17:25:18.487079 [info ] [MainThread]:   host: adb-7405613786725931.11.azuredatabricks.net
[0m17:25:18.487212 [info ] [MainThread]:   http_path: /sql/1.0/warehouses/ca0f9a13b145c8c5
[0m17:25:18.487335 [info ] [MainThread]:   catalog: atliq
[0m17:25:18.487456 [info ] [MainThread]:   schema: gold
[0m17:25:18.487741 [info ] [MainThread]: Registered adapter: databricks=1.12.4
[0m17:25:18.575297 [debug] [MainThread]: Databricks adapter: DatabricksDBTConnection(session-id=None, name=debug) - Creating connection
[0m17:25:18.575633 [debug] [MainThread]: Acquiring new databricks connection 'debug'
[0m17:25:18.888465 [info ] [MainThread]: Databricks adapter:   SPOG host (host_type='workspace'): no
[0m17:25:18.888862 [info ] [MainThread]: Databricks adapter:   workspace_id (from ?o= in http_path): None
[0m17:25:18.889119 [info ] [MainThread]: Databricks adapter:   databricks-sql-connector version: 4.4.0 (supported)
[0m17:25:18.889364 [info ] [MainThread]: Databricks adapter:   databricks-sdk version: 0.117.0 (supported)
[0m17:25:18.889639 [debug] [MainThread]: Using databricks connection "debug"
[0m17:25:18.889864 [debug] [MainThread]: On debug: select 1 as id
[0m17:25:18.890069 [debug] [MainThread]: Opening a new connection, currently in state init
[0m17:25:19.831335 [debug] [MainThread]: Databricks adapter: Connection(session-id=01f19bc4-d9d1-1678-9f71-4e7d8927827a) - Created
[0m17:25:20.229511 [debug] [MainThread]: SQL status: OK in 1.340 seconds
[0m17:25:20.230582 [debug] [MainThread]: Databricks adapter: Cursor(session-id=01f19bc4-d9d1-1678-9f71-4e7d8927827a, command-id=01f19bc4-da11-1699-9f69-d96d87ef9436) - Closing
[0m17:25:20.230993 [debug] [MainThread]: On debug: Close
[0m17:25:20.231277 [debug] [MainThread]: Databricks adapter: Connection(session-id=01f19bc4-d9d1-1678-9f71-4e7d8927827a) - Closing
[0m17:25:20.358542 [info ] [MainThread]:   Connection test: [[32mOK connection ok[0m]

[0m17:25:20.359301 [info ] [MainThread]: [32mAll checks passed![0m
[0m17:25:20.368904 [debug] [MainThread]: Resource report: {"command_name": "debug", "command_success": true, "command_wall_clock_time": 2.9158244, "process_in_blocks": "0", "process_kernel_time": 0.255028, "process_mem_max_rss": "266223616", "process_out_blocks": "0", "process_user_time": 1.581553}
[0m17:25:20.369523 [debug] [MainThread]: Command `dbt debug` succeeded at 17:25:20.369408 after 2.92 seconds
[0m17:25:20.370008 [debug] [MainThread]: Sending event: {'category': 'dbt', 'action': 'invocation', 'label': 'end', 'context': [<snowplow_tracker.self_describing_json.SelfDescribingJson object at 0x10e3f7c90>, <snowplow_tracker.self_describing_json.SelfDescribingJson object at 0x10e40af50>, <snowplow_tracker.self_describing_json.SelfDescribingJson object at 0x10e40a9d0>]}
[0m17:25:20.370477 [debug] [MainThread]: Flushing usage events
[0m17:25:21.556126 [debug] [MainThread]: An error was encountered while trying to flush usage events
[0m17:25:32.358388 [debug] [MainThread]: Sending event: {'category': 'dbt', 'action': 'invocation', 'label': 'start', 'context': [<snowplow_tracker.self_describing_json.SelfDescribingJson object at 0x10c733750>, <snowplow_tracker.self_describing_json.SelfDescribingJson object at 0x10c733fd0>, <snowplow_tracker.self_describing_json.SelfDescribingJson object at 0x10c749890>]}


============================== 17:25:32.360482 | 21f2020d-9b32-4a3c-8a3a-99c98f65a2dd ==============================
[0m17:25:32.360482 [info ] [MainThread]: Running with dbt=1.12.0
[0m17:25:32.360819 [debug] [MainThread]: running dbt with arguments {'use_experimental_parser': 'False', 'hints_enabled': 'True', 'maximum_seed_size_mib': '1', 'debug': 'False', 'version_check': 'True', 'log_format': 'default', 'warn_error': 'None', 'partial_parse': 'True', 'fail_fast': 'False', 'send_anonymous_usage_stats': 'True', 'target_path': 'None', 'invocation_command': 'dbt build', 'write_json': 'True', 'log_cache_events': 'False', 'log_path': '/Users/shalinigoutam/Desktop/Codebasics/bootcamp-projects/atliq-commerce-data-pipeline/atliq_gold_dbt/logs', 'warn_error_options': 'WarnErrorOptionsV2(error=[], warn=[], silence=[])', 'profiles_dir': '/Users/shalinigoutam/Desktop/Codebasics/bootcamp-projects/atliq-commerce-data-pipeline/atliq_gold_dbt', 'cache_selected_only': 'False', 'static_parser': 'True', 'use_colors': 'True', 'printer_width': '80', 'quiet': 'False', 'introspect': 'True', 'empty': 'False', 'indirect_selection': 'eager', 'no_print': 'None'}
[0m17:25:32.789267 [debug] [MainThread]: Spark adapter: Setting pyhive.hive logging to ERROR
[0m17:25:32.789551 [debug] [MainThread]: Spark adapter: Setting thrift.transport logging to ERROR
[0m17:25:32.789712 [debug] [MainThread]: Spark adapter: Setting thrift.protocol logging to ERROR
[0m17:25:33.220545 [debug] [MainThread]: Sending event: {'category': 'dbt', 'action': 'project_id', 'label': '21f2020d-9b32-4a3c-8a3a-99c98f65a2dd', 'context': [<snowplow_tracker.self_describing_json.SelfDescribingJson object at 0x10f33f210>]}
[0m17:25:33.247049 [debug] [MainThread]: Sending event: {'category': 'dbt', 'action': 'adapter_info', 'label': '21f2020d-9b32-4a3c-8a3a-99c98f65a2dd', 'context': [<snowplow_tracker.self_describing_json.SelfDescribingJson object at 0x10c705110>]}
[0m17:25:33.247405 [info ] [MainThread]: Registered adapter: databricks=1.12.4
[0m17:25:33.345852 [debug] [MainThread]: checksum: 3dabc90a26d4ce16069c870bec04366c0025877206560e71de4d911f137c2fce, vars: {}, profile: atliq_gold_dbt, target: dev, version: 1.12.0
[0m17:25:33.403511 [info ] [MainThread]: Unable to do partial parsing because config vars, config profile, or config target have changed
[0m17:25:33.403757 [debug] [MainThread]: previous checksum: 3dabc90a26d4ce16069c870bec04366c0025877206560e71de4d911f137c2fce, current checksum: d06312230403c1f33ce09570357f14d2e447b3a35c12e4fba16b7a6cf48c702d
[0m17:25:33.403910 [info ] [MainThread]: Unable to do partial parsing because a project dependency has been added
[0m17:25:33.404088 [debug] [MainThread]: Sending event: {'category': 'dbt', 'action': 'partial_parser', 'label': '21f2020d-9b32-4a3c-8a3a-99c98f65a2dd', 'context': [<snowplow_tracker.self_describing_json.SelfDescribingJson object at 0x1151c8590>]}
[0m17:25:34.270759 [warn ] [MainThread]: [[33mWARNING[0m][MissingArgumentsPropertyInGenericTestDeprecation]: Deprecated
functionality
Found top-level arguments to test `relationships` defined on 'fact_sales' in
package 'atliq_gold_dbt' (tests/schema.yml). Arguments to generic tests should
be nested under the `arguments` property.
[0m17:25:34.271140 [debug] [MainThread]: Sending event: {'category': 'dbt', 'action': 'deprecation', 'label': '21f2020d-9b32-4a3c-8a3a-99c98f65a2dd', 'property_': 'warn', 'context': [<snowplow_tracker.self_describing_json.SelfDescribingJson object at 0x114c44890>]}
[0m17:25:34.382265 [debug] [MainThread]: Sending event: {'category': 'dbt', 'action': 'load_project', 'label': '21f2020d-9b32-4a3c-8a3a-99c98f65a2dd', 'context': [<snowplow_tracker.self_describing_json.SelfDescribingJson object at 0x11504d810>]}
[0m17:25:34.439837 [debug] [MainThread]: Wrote artifact WritableManifest to /Users/shalinigoutam/Desktop/Codebasics/bootcamp-projects/atliq-commerce-data-pipeline/atliq_gold_dbt/target/manifest.json
[0m17:25:34.443062 [debug] [MainThread]: Wrote artifact SemanticManifest to /Users/shalinigoutam/Desktop/Codebasics/bootcamp-projects/atliq-commerce-data-pipeline/atliq_gold_dbt/target/semantic_manifest.json
[0m17:25:34.454824 [debug] [MainThread]: Wrote artifact OsiDocument to /Users/shalinigoutam/Desktop/Codebasics/bootcamp-projects/atliq-commerce-data-pipeline/atliq_gold_dbt/target/osi_document.json
[0m17:25:34.468517 [debug] [MainThread]: Sending event: {'category': 'dbt', 'action': 'resource_counts', 'label': '21f2020d-9b32-4a3c-8a3a-99c98f65a2dd', 'context': [<snowplow_tracker.self_describing_json.SelfDescribingJson object at 0x11577bfd0>]}
[0m17:25:34.468780 [info ] [MainThread]: Found 10 models, 4 data tests, 6 sources, 773 macros
[0m17:25:34.470092 [info ] [MainThread]: 
[0m17:25:34.470280 [info ] [MainThread]: Concurrency: 4 threads (target='dev')
[0m17:25:34.470418 [info ] [MainThread]: 
[0m17:25:34.470696 [debug] [MainThread]: Databricks adapter: DatabricksDBTConnection(session-id=None, name=master) - Creating connection
[0m17:25:34.470845 [debug] [MainThread]: Acquiring new databricks connection 'master'
[0m17:25:34.473957 [debug] [ThreadPool]: Databricks adapter: DatabricksDBTConnection(session-id=None, name=list_atliq) - Creating connection
[0m17:25:34.474150 [debug] [ThreadPool]: Acquiring new databricks connection 'list_atliq'
[0m17:25:34.479629 [debug] [ThreadPool]: Using databricks connection "list_atliq"
[0m17:25:34.479827 [debug] [ThreadPool]: On list_atliq: /* {"app": "dbt", "dbt_version": "1.12.0", "dbt_databricks_version": "1.12.4", "databricks_sql_connector_version": "4.4.0", "profile_name": "atliq_gold_dbt", "target_name": "dev", "invocation_id": "21f2020d-9b32-4a3c-8a3a-99c98f65a2dd", "connection_name": "list_atliq"} */

    

  SHOW SCHEMAS IN `atliq`


  
[0m17:25:34.479970 [debug] [ThreadPool]: Opening a new connection, currently in state init
[0m17:25:35.444534 [debug] [ThreadPool]: Databricks adapter: Connection(session-id=01f19bc4-e32f-1a14-bd13-e595302520b6) - Created
[0m17:25:36.634124 [debug] [ThreadPool]: SQL status: OK in 2.150 seconds
[0m17:25:36.661039 [debug] [ThreadPool]: Databricks adapter: Cursor(session-id=01f19bc4-e32f-1a14-bd13-e595302520b6, command-id=01f19bc4-e360-17a6-9a18-e0d7cc512f20) - Closing
[0m17:25:36.661792 [debug] [ThreadPool]: On list_atliq: Close
[0m17:25:36.662156 [debug] [ThreadPool]: Databricks adapter: Connection(session-id=01f19bc4-e32f-1a14-bd13-e595302520b6) - Closing
[0m17:25:36.791901 [debug] [ThreadPool]: Databricks adapter: DatabricksDBTConnection(session-id=None, name=list_atliq_gold) - Creating connection
[0m17:25:36.792456 [debug] [ThreadPool]: Acquiring new databricks connection 'list_atliq_gold'
[0m17:25:36.796161 [debug] [ThreadPool]: Using databricks connection "list_atliq_gold"
[0m17:25:36.796545 [debug] [ThreadPool]: On list_atliq_gold: /* {"app": "dbt", "dbt_version": "1.12.0", "dbt_databricks_version": "1.12.4", "databricks_sql_connector_version": "4.4.0", "profile_name": "atliq_gold_dbt", "target_name": "dev", "invocation_id": "21f2020d-9b32-4a3c-8a3a-99c98f65a2dd", "connection_name": "list_atliq_gold"} */

    
SELECT
  table_name,
  if(table_type IN ('EXTERNAL', 'MANAGED', 'MANAGED_SHALLOW_CLONE', 'EXTERNAL_SHALLOW_CLONE'), 'table', lower(table_type)) AS table_type,
  lower(data_source_format) AS file_format,
  table_owner,
  if(
    table_type IN (
      'EXTERNAL',
      'MANAGED',
      'MANAGED_SHALLOW_CLONE',
      'EXTERNAL_SHALLOW_CLONE'
    ),
    lower(table_type),
    NULL
  ) AS databricks_table_type
FROM `system`.`information_schema`.`tables`
WHERE table_catalog = 'atliq'
  AND table_schema = 'gold'

  
[0m17:25:36.796823 [debug] [ThreadPool]: Opening a new connection, currently in state init
[0m17:25:37.140462 [debug] [ThreadPool]: Databricks adapter: Connection(session-id=01f19bc4-e44f-1542-83fe-37e18cf3986c) - Created
[0m17:25:39.090042 [debug] [ThreadPool]: SQL status: OK in 2.290 seconds
[0m17:25:39.093737 [debug] [ThreadPool]: Databricks adapter: Cursor(session-id=01f19bc4-e44f-1542-83fe-37e18cf3986c, command-id=01f19bc4-e462-1203-94a0-a9a90e24c814) - Closing
[0m17:25:39.094530 [debug] [ThreadPool]: On list_atliq_gold: Close
[0m17:25:39.094903 [debug] [ThreadPool]: Databricks adapter: Connection(session-id=01f19bc4-e44f-1542-83fe-37e18cf3986c) - Closing
[0m17:25:39.226790 [debug] [MainThread]: Sending event: {'category': 'dbt', 'action': 'runnable_timing', 'label': '21f2020d-9b32-4a3c-8a3a-99c98f65a2dd', 'context': [<snowplow_tracker.self_describing_json.SelfDescribingJson object at 0x11506c550>]}
[0m17:25:39.231406 [debug] [Thread-3 (]: Began running node model.atliq_gold_dbt.dim_date
[0m17:25:39.231804 [debug] [Thread-4 (]: Began running node model.atliq_gold_dbt.stg_customers
[0m17:25:39.232130 [debug] [Thread-5 (]: Began running node model.atliq_gold_dbt.stg_order_items
[0m17:25:39.232872 [debug] [Thread-6 (]: Began running node model.atliq_gold_dbt.stg_orders
[0m17:25:39.232598 [info ] [Thread-3 (]: 1 of 8 START sql table model gold.dim_date ..................................... [RUN]
[0m17:25:39.233568 [debug] [Thread-4 (]: Databricks adapter: DatabricksDBTConnection(session-id=None, name=model.atliq_gold_dbt.stg_customers) - Creating connection
[0m17:25:39.234012 [debug] [Thread-5 (]: Databricks adapter: DatabricksDBTConnection(session-id=None, name=model.atliq_gold_dbt.stg_order_items) - Creating connection
[0m17:25:39.234427 [debug] [Thread-6 (]: Databricks adapter: DatabricksDBTConnection(session-id=None, name=model.atliq_gold_dbt.stg_orders) - Creating connection
[0m17:25:39.235081 [debug] [Thread-3 (]: Databricks adapter: DatabricksDBTConnection(session-id=None, name=model.atliq_gold_dbt.dim_date) - Creating connection
[0m17:25:39.235405 [debug] [Thread-4 (]: Acquiring new databricks connection 'model.atliq_gold_dbt.stg_customers'
[0m17:25:39.235688 [debug] [Thread-5 (]: Acquiring new databricks connection 'model.atliq_gold_dbt.stg_order_items'
[0m17:25:39.235998 [debug] [Thread-6 (]: Acquiring new databricks connection 'model.atliq_gold_dbt.stg_orders'
[0m17:25:39.236292 [debug] [Thread-3 (]: Acquiring new databricks connection 'model.atliq_gold_dbt.dim_date'
[0m17:25:39.236614 [debug] [Thread-4 (]: Began compiling node model.atliq_gold_dbt.stg_customers
[0m17:25:39.236897 [debug] [Thread-5 (]: Began compiling node model.atliq_gold_dbt.stg_order_items
[0m17:25:39.237152 [debug] [Thread-6 (]: Began compiling node model.atliq_gold_dbt.stg_orders
[0m17:25:39.237394 [debug] [Thread-3 (]: Began compiling node model.atliq_gold_dbt.dim_date
[0m17:25:39.242599 [debug] [Thread-4 (]: Writing injected SQL for node "model.atliq_gold_dbt.stg_customers"
[0m17:25:39.243847 [debug] [Thread-5 (]: Writing injected SQL for node "model.atliq_gold_dbt.stg_order_items"
[0m17:25:39.245104 [debug] [Thread-6 (]: Writing injected SQL for node "model.atliq_gold_dbt.stg_orders"
[0m17:25:39.246286 [debug] [Thread-3 (]: Writing injected SQL for node "model.atliq_gold_dbt.dim_date"
[0m17:25:39.247665 [debug] [Thread-6 (]: Finished running node model.atliq_gold_dbt.stg_orders
[0m17:25:39.248070 [debug] [Thread-5 (]: Finished running node model.atliq_gold_dbt.stg_order_items
[0m17:25:39.248641 [debug] [Thread-4 (]: Finished running node model.atliq_gold_dbt.stg_customers
[0m17:25:39.248943 [debug] [Thread-6 (]: Began running node model.atliq_gold_dbt.stg_payments
[0m17:25:39.249280 [debug] [Thread-3 (]: Began executing node model.atliq_gold_dbt.dim_date
[0m17:25:39.249631 [debug] [Thread-5 (]: Began running node model.atliq_gold_dbt.stg_products
[0m17:25:39.249985 [debug] [Thread-4 (]: Began running node model.atliq_gold_dbt.stg_supplier_price_list
[0m17:25:39.250402 [debug] [Thread-6 (]: Databricks adapter: DatabricksDBTConnection(session-id=None, name=model.atliq_gold_dbt.stg_payments) - Creating connection
[0m17:25:39.261643 [debug] [Thread-3 (]: MATERIALIZING TABLE
[0m17:25:39.261992 [debug] [Thread-5 (]: Databricks adapter: DatabricksDBTConnection(session-id=None, name=model.atliq_gold_dbt.stg_products) - Creating connection
[0m17:25:39.262319 [debug] [Thread-4 (]: Databricks adapter: DatabricksDBTConnection(session-id=None, name=model.atliq_gold_dbt.stg_supplier_price_list) - Creating connection
[0m17:25:39.262547 [debug] [Thread-6 (]: Acquiring new databricks connection 'model.atliq_gold_dbt.stg_payments'
[0m17:25:39.281224 [debug] [Thread-5 (]: Acquiring new databricks connection 'model.atliq_gold_dbt.stg_products'
[0m17:25:39.281940 [debug] [Thread-3 (]: Using databricks connection "model.atliq_gold_dbt.dim_date"
[0m17:25:39.282151 [debug] [Thread-4 (]: Acquiring new databricks connection 'model.atliq_gold_dbt.stg_supplier_price_list'
[0m17:25:39.282359 [debug] [Thread-6 (]: Began compiling node model.atliq_gold_dbt.stg_payments
[0m17:25:39.282558 [debug] [Thread-5 (]: Began compiling node model.atliq_gold_dbt.stg_products
[0m17:25:39.282786 [debug] [Thread-3 (]: On model.atliq_gold_dbt.dim_date: /* {"app": "dbt", "dbt_version": "1.12.0", "dbt_databricks_version": "1.12.4", "databricks_sql_connector_version": "4.4.0", "profile_name": "atliq_gold_dbt", "target_name": "dev", "invocation_id": "21f2020d-9b32-4a3c-8a3a-99c98f65a2dd", "node_id": "model.atliq_gold_dbt.dim_date"} */
SELECT
    table_catalog,
    table_schema,
    table_name,
    filter_name,
    target_columns
  FROM `atliq`.`information_schema`.`row_filters`
  WHERE table_catalog = 'atliq'
    AND table_schema = 'gold'
    AND table_name = 'dim_date'
[0m17:25:39.282987 [debug] [Thread-4 (]: Began compiling node model.atliq_gold_dbt.stg_supplier_price_list
[0m17:25:39.283914 [debug] [Thread-6 (]: Writing injected SQL for node "model.atliq_gold_dbt.stg_payments"
[0m17:25:39.284654 [debug] [Thread-5 (]: Writing injected SQL for node "model.atliq_gold_dbt.stg_products"
[0m17:25:39.284847 [debug] [Thread-3 (]: Opening a new connection, currently in state init
[0m17:25:39.286024 [debug] [Thread-4 (]: Writing injected SQL for node "model.atliq_gold_dbt.stg_supplier_price_list"
[0m17:25:39.286751 [debug] [Thread-5 (]: Finished running node model.atliq_gold_dbt.stg_products
[0m17:25:39.287087 [debug] [Thread-6 (]: Finished running node model.atliq_gold_dbt.stg_payments
[0m17:25:39.287520 [debug] [Thread-5 (]: Began running node model.atliq_gold_dbt.fact_sales
[0m17:25:39.287871 [debug] [Thread-6 (]: Began running node model.atliq_gold_dbt.dim_customers
[0m17:25:39.288154 [debug] [Thread-4 (]: Finished running node model.atliq_gold_dbt.stg_supplier_price_list
[0m17:25:39.288416 [info ] [Thread-5 (]: 2 of 8 START sql incremental model gold.fact_sales ............................. [RUN]
[0m17:25:39.288683 [info ] [Thread-6 (]: 3 of 8 START sql table model gold.dim_customers ................................ [RUN]
[0m17:25:39.289055 [debug] [Thread-5 (]: Databricks adapter: DatabricksDBTConnection(session-id=None, name=model.atliq_gold_dbt.fact_sales) - Creating connection
[0m17:25:39.289217 [debug] [Thread-4 (]: Began running node model.atliq_gold_dbt.dim_products
[0m17:25:39.289472 [debug] [Thread-6 (]: Databricks adapter: DatabricksDBTConnection(session-id=None, name=model.atliq_gold_dbt.dim_customers) - Creating connection
[0m17:25:39.289644 [debug] [Thread-5 (]: Acquiring new databricks connection 'model.atliq_gold_dbt.fact_sales'
[0m17:25:39.289863 [info ] [Thread-4 (]: 4 of 8 START sql table model gold.dim_products ................................. [RUN]
[0m17:25:39.290047 [debug] [Thread-6 (]: Acquiring new databricks connection 'model.atliq_gold_dbt.dim_customers'
[0m17:25:39.290214 [debug] [Thread-5 (]: Began compiling node model.atliq_gold_dbt.fact_sales
[0m17:25:39.290452 [debug] [Thread-4 (]: Databricks adapter: DatabricksDBTConnection(session-id=None, name=model.atliq_gold_dbt.dim_products) - Creating connection
[0m17:25:39.290737 [debug] [Thread-6 (]: Began compiling node model.atliq_gold_dbt.dim_customers
[0m17:25:39.294987 [debug] [Thread-5 (]: Writing injected SQL for node "model.atliq_gold_dbt.fact_sales"
[0m17:25:39.295259 [debug] [Thread-4 (]: Acquiring new databricks connection 'model.atliq_gold_dbt.dim_products'
[0m17:25:39.298662 [debug] [Thread-6 (]: Writing injected SQL for node "model.atliq_gold_dbt.dim_customers"
[0m17:25:39.298933 [debug] [Thread-4 (]: Began compiling node model.atliq_gold_dbt.dim_products
[0m17:25:39.301006 [debug] [Thread-4 (]: Writing injected SQL for node "model.atliq_gold_dbt.dim_products"
[0m17:25:39.301192 [debug] [Thread-5 (]: Began executing node model.atliq_gold_dbt.fact_sales
[0m17:25:39.312093 [debug] [Thread-6 (]: Began executing node model.atliq_gold_dbt.dim_customers
[0m17:25:39.321298 [debug] [Thread-5 (]: MATERIALIZING INCREMENTAL
[0m17:25:39.321859 [debug] [Thread-6 (]: MATERIALIZING TABLE
[0m17:25:39.322038 [debug] [Thread-4 (]: Began executing node model.atliq_gold_dbt.dim_products
[0m17:25:39.333288 [debug] [Thread-5 (]: Using databricks connection "model.atliq_gold_dbt.fact_sales"
[0m17:25:39.334108 [debug] [Thread-6 (]: Using databricks connection "model.atliq_gold_dbt.dim_customers"
[0m17:25:39.334720 [debug] [Thread-4 (]: MATERIALIZING TABLE
[0m17:25:39.334912 [debug] [Thread-5 (]: On model.atliq_gold_dbt.fact_sales: /* {"app": "dbt", "dbt_version": "1.12.0", "dbt_databricks_version": "1.12.4", "databricks_sql_connector_version": "4.4.0", "profile_name": "atliq_gold_dbt", "target_name": "dev", "invocation_id": "21f2020d-9b32-4a3c-8a3a-99c98f65a2dd", "node_id": "model.atliq_gold_dbt.fact_sales"} */
SELECT column_name
  FROM `atliq`.`information_schema`.`columns`
  WHERE table_catalog = 'atliq' 
    AND table_schema = 'gold'
    AND table_name = 'fact_sales'
    AND is_nullable = 'NO';
  
[0m17:25:39.335148 [debug] [Thread-6 (]: On model.atliq_gold_dbt.dim_customers: /* {"app": "dbt", "dbt_version": "1.12.0", "dbt_databricks_version": "1.12.4", "databricks_sql_connector_version": "4.4.0", "profile_name": "atliq_gold_dbt", "target_name": "dev", "invocation_id": "21f2020d-9b32-4a3c-8a3a-99c98f65a2dd", "node_id": "model.atliq_gold_dbt.dim_customers"} */
SELECT
    table_catalog,
    table_schema,
    table_name,
    filter_name,
    target_columns
  FROM `atliq`.`information_schema`.`row_filters`
  WHERE table_catalog = 'atliq'
    AND table_schema = 'gold'
    AND table_name = 'dim_customers'
[0m17:25:39.335979 [debug] [Thread-4 (]: Using databricks connection "model.atliq_gold_dbt.dim_products"
[0m17:25:39.336171 [debug] [Thread-5 (]: Opening a new connection, currently in state init
[0m17:25:39.336340 [debug] [Thread-6 (]: Opening a new connection, currently in state init
[0m17:25:39.336985 [debug] [Thread-4 (]: On model.atliq_gold_dbt.dim_products: /* {"app": "dbt", "dbt_version": "1.12.0", "dbt_databricks_version": "1.12.4", "databricks_sql_connector_version": "4.4.0", "profile_name": "atliq_gold_dbt", "target_name": "dev", "invocation_id": "21f2020d-9b32-4a3c-8a3a-99c98f65a2dd", "node_id": "model.atliq_gold_dbt.dim_products"} */
SELECT
    table_catalog,
    table_schema,
    table_name,
    filter_name,
    target_columns
  FROM `atliq`.`information_schema`.`row_filters`
  WHERE table_catalog = 'atliq'
    AND table_schema = 'gold'
    AND table_name = 'dim_products'
[0m17:25:39.337351 [debug] [Thread-4 (]: Opening a new connection, currently in state init
[0m17:25:39.655797 [debug] [Thread-3 (]: Databricks adapter: Connection(session-id=01f19bc4-e5cf-128b-810f-39e346a32cc4) - Created
[0m17:25:39.678936 [debug] [Thread-5 (]: Databricks adapter: Connection(session-id=01f19bc4-e5d1-1750-8bd3-e8b32668f555) - Created
[0m17:25:39.680221 [debug] [Thread-6 (]: Databricks adapter: Connection(session-id=01f19bc4-e5d6-16d6-b4e4-a24b199a10e2) - Created
[0m17:25:39.681111 [debug] [Thread-4 (]: Databricks adapter: Connection(session-id=01f19bc4-e5d1-1d0c-afc9-58951a24da4d) - Created
[0m17:25:40.321450 [debug] [Thread-5 (]: SQL status: OK in 0.980 seconds
[0m17:25:40.322506 [debug] [Thread-6 (]: SQL status: OK in 0.990 seconds
[0m17:25:40.323370 [debug] [Thread-4 (]: SQL status: OK in 0.990 seconds
[0m17:25:40.324140 [debug] [Thread-3 (]: SQL status: OK in 1.040 seconds
[0m17:25:40.327938 [debug] [Thread-5 (]: Databricks adapter: Cursor(session-id=01f19bc4-e5d1-1750-8bd3-e8b32668f555, command-id=01f19bc4-e5e5-148d-b86d-e9a8f628acdf) - Closing
[0m17:25:40.335155 [debug] [Thread-5 (]: Using databricks connection "model.atliq_gold_dbt.fact_sales"
[0m17:25:40.335886 [debug] [Thread-5 (]: On model.atliq_gold_dbt.fact_sales: /* {"app": "dbt", "dbt_version": "1.12.0", "dbt_databricks_version": "1.12.4", "databricks_sql_connector_version": "4.4.0", "profile_name": "atliq_gold_dbt", "target_name": "dev", "invocation_id": "21f2020d-9b32-4a3c-8a3a-99c98f65a2dd", "node_id": "model.atliq_gold_dbt.fact_sales"} */
SELECT kcu.constraint_name, kcu.column_name
  FROM `atliq`.information_schema.key_column_usage kcu
  WHERE kcu.table_catalog = 'atliq' 
    AND kcu.table_schema = 'gold'
    AND kcu.table_name = 'fact_sales' 
    AND kcu.constraint_name = (
      SELECT constraint_name
      FROM `atliq`.information_schema.table_constraints
      WHERE table_catalog = 'atliq'
        AND table_schema = 'gold'
        AND table_name = 'fact_sales' 
        AND constraint_type = 'PRIMARY KEY'
    )
  ORDER BY kcu.ordinal_position;
  
[0m17:25:40.337404 [debug] [Thread-6 (]: Databricks adapter: Cursor(session-id=01f19bc4-e5d6-16d6-b4e4-a24b199a10e2, command-id=01f19bc4-e5e5-1a01-ba41-24b65bdad0f6) - Closing
[0m17:25:40.340008 [debug] [Thread-4 (]: Databricks adapter: Cursor(session-id=01f19bc4-e5d1-1d0c-afc9-58951a24da4d, command-id=01f19bc4-e5e6-177f-b19e-3f9318aa5ced) - Closing
[0m17:25:40.342232 [debug] [Thread-3 (]: Databricks adapter: Cursor(session-id=01f19bc4-e5cf-128b-810f-39e346a32cc4, command-id=01f19bc4-e5e1-1eb0-a434-0fa9a4f7cbc1) - Closing
[0m17:25:40.358397 [debug] [Thread-6 (]: Writing runtime sql for node "model.atliq_gold_dbt.dim_customers"
[0m17:25:40.359470 [debug] [Thread-4 (]: Writing runtime sql for node "model.atliq_gold_dbt.dim_products"
[0m17:25:40.360471 [debug] [Thread-3 (]: Writing runtime sql for node "model.atliq_gold_dbt.dim_date"
[0m17:25:40.361139 [debug] [Thread-6 (]: Using databricks connection "model.atliq_gold_dbt.dim_customers"
[0m17:25:40.361328 [debug] [Thread-4 (]: Using databricks connection "model.atliq_gold_dbt.dim_products"
[0m17:25:40.361517 [debug] [Thread-3 (]: Using databricks connection "model.atliq_gold_dbt.dim_date"
[0m17:25:40.361771 [debug] [Thread-6 (]: On model.atliq_gold_dbt.dim_customers: /* {"app": "dbt", "dbt_version": "1.12.0", "dbt_databricks_version": "1.12.4", "databricks_sql_connector_version": "4.4.0", "profile_name": "atliq_gold_dbt", "target_name": "dev", "invocation_id": "21f2020d-9b32-4a3c-8a3a-99c98f65a2dd", "node_id": "model.atliq_gold_dbt.dim_customers"} */

  
    
        create or replace table `atliq`.`gold`.`dim_customers`
      
      
    using delta
  
      
      
      
      
      
      location 'abfss://lakehouse@atliqcommerce.dfs.core.windows.net/gold/dim_customers'
      
      
      as
      with __dbt__cte__stg_customers as (
SELECT 
    customer_id, 
    customer_name, 
    email, 
    city,
    signup_date
FROM `atliq`.`silver`.`customers`
) -- models/gold/dim_customer.sql

SELECT
    customer_id,
    customer_name,
    email,
    city,
    signup_date

FROM __dbt__cte__stg_customers
  
[0m17:25:40.362095 [debug] [Thread-4 (]: On model.atliq_gold_dbt.dim_products: /* {"app": "dbt", "dbt_version": "1.12.0", "dbt_databricks_version": "1.12.4", "databricks_sql_connector_version": "4.4.0", "profile_name": "atliq_gold_dbt", "target_name": "dev", "invocation_id": "21f2020d-9b32-4a3c-8a3a-99c98f65a2dd", "node_id": "model.atliq_gold_dbt.dim_products"} */

  
    
        create or replace table `atliq`.`gold`.`dim_products`
      
      
    using delta
  
      
      
      
      
      
      location 'abfss://lakehouse@atliqcommerce.dfs.core.windows.net/gold/dim_products'
      
      
      as
      with __dbt__cte__stg_products as (
SELECT 
    product_id, 
    product_name, 
    category, 
    unit_price
FROM `atliq`.`silver`.`products`
),  __dbt__cte__stg_supplier_price_list as (
SELECT 
    product_id, 
    product_name, 
    supplier_name,
    supplier_cost,
    effective_date
FROM `atliq`.`silver`.`supplier_price_list`
) -- models/gold/dim_product.sql

SELECT
    p.product_id,
    p.product_name,
    p.category,
    p.unit_price,
    s.supplier_cost,
    (p.unit_price - s.supplier_cost) AS unit_margin

FROM __dbt__cte__stg_products AS p

LEFT JOIN __dbt__cte__stg_supplier_price_list AS s
    ON p.product_id = s.product_id
  
[0m17:25:40.362426 [debug] [Thread-3 (]: On model.atliq_gold_dbt.dim_date: /* {"app": "dbt", "dbt_version": "1.12.0", "dbt_databricks_version": "1.12.4", "databricks_sql_connector_version": "4.4.0", "profile_name": "atliq_gold_dbt", "target_name": "dev", "invocation_id": "21f2020d-9b32-4a3c-8a3a-99c98f65a2dd", "node_id": "model.atliq_gold_dbt.dim_date"} */

  
    
        create or replace table `atliq`.`gold`.`dim_date`
      
      
    using delta
  
      
      
      
      
      
      location 'abfss://lakehouse@atliqcommerce.dfs.core.windows.net/gold/dim_date'
      
      
      as
      WITH date_spine AS (

    SELECT
        explode(
            sequence(
                to_date('2024-01-01'),
                to_date('2026-12-31'),
                interval 1 day
            )
        ) AS date_day

)

SELECT
    date_day,
    CAST(date_format(date_day, 'yyyyMMdd') AS INT) AS date_key,
    year(date_day) AS year,
    quarter(date_day) AS quarter,
    month(date_day) AS month,
    monthname(date_day) AS month_name,
    weekofyear(date_day) AS week_of_year,
    dayofmonth(date_day) AS day_of_month,
    dayofweek(date_day) AS day_of_week,
    dayname(date_day) AS day_name

FROM date_spine
  
[0m17:25:41.650066 [debug] [Thread-5 (]: SQL status: OK in 1.310 seconds
[0m17:25:41.654755 [debug] [Thread-5 (]: Databricks adapter: Cursor(session-id=01f19bc4-e5d1-1750-8bd3-e8b32668f555, command-id=01f19bc4-e64a-176d-ac94-5da4a9dd65f4) - Closing
[0m17:25:41.664265 [debug] [Thread-5 (]: Using databricks connection "model.atliq_gold_dbt.fact_sales"
[0m17:25:41.664977 [debug] [Thread-5 (]: On model.atliq_gold_dbt.fact_sales: /* {"app": "dbt", "dbt_version": "1.12.0", "dbt_databricks_version": "1.12.4", "databricks_sql_connector_version": "4.4.0", "profile_name": "atliq_gold_dbt", "target_name": "dev", "invocation_id": "21f2020d-9b32-4a3c-8a3a-99c98f65a2dd", "node_id": "model.atliq_gold_dbt.fact_sales"} */
SELECT
    kcu.constraint_name,
    kcu.column_name AS from_column,
    ukcu.table_catalog AS to_catalog,
    ukcu.table_schema AS to_schema,
    ukcu.table_name AS to_table,
    ukcu.column_name AS to_column
  FROM `atliq`.information_schema.key_column_usage kcu
  JOIN `atliq`.information_schema.referential_constraints rc
    ON kcu.constraint_name = rc.constraint_name
  JOIN `atliq`.information_schema.key_column_usage ukcu
    ON rc.unique_constraint_name = ukcu.constraint_name
    AND kcu.ordinal_position = ukcu.ordinal_position
  WHERE kcu.table_catalog = 'atliq'
    AND kcu.table_schema = 'gold'
    AND kcu.table_name = 'fact_sales'
    AND kcu.constraint_name IN (
      SELECT constraint_name
      FROM `atliq`.information_schema.table_constraints
      WHERE table_catalog = 'atliq'
        AND table_schema = 'gold'
        AND table_name = 'fact_sales'
        AND constraint_type = 'FOREIGN KEY'
    )
  ORDER BY kcu.ordinal_position;
  
[0m17:25:43.293905 [debug] [Thread-5 (]: SQL status: OK in 1.630 seconds
[0m17:25:43.296393 [debug] [Thread-5 (]: Databricks adapter: Cursor(session-id=01f19bc4-e5d1-1750-8bd3-e8b32668f555, command-id=01f19bc4-e714-1546-92c1-492aff1a2814) - Closing
[0m17:25:43.300576 [debug] [Thread-5 (]: Using databricks connection "model.atliq_gold_dbt.fact_sales"
[0m17:25:43.300938 [debug] [Thread-5 (]: On model.atliq_gold_dbt.fact_sales: /* {"app": "dbt", "dbt_version": "1.12.0", "dbt_databricks_version": "1.12.4", "databricks_sql_connector_version": "4.4.0", "profile_name": "atliq_gold_dbt", "target_name": "dev", "invocation_id": "21f2020d-9b32-4a3c-8a3a-99c98f65a2dd", "node_id": "model.atliq_gold_dbt.fact_sales"} */
SELECT 
    column_name,
    mask_name,
    using_columns
  FROM `system`.`information_schema`.`column_masks`
  WHERE table_catalog = 'atliq'
    AND table_schema = 'gold'
    AND table_name = 'fact_sales';
  
[0m17:25:43.801138 [debug] [Thread-5 (]: SQL status: OK in 0.500 seconds
[0m17:25:43.805645 [debug] [Thread-5 (]: Databricks adapter: Cursor(session-id=01f19bc4-e5d1-1750-8bd3-e8b32668f555, command-id=01f19bc4-e80d-1eb4-b435-70e6b89518fb) - Closing
[0m17:25:43.808231 [debug] [Thread-5 (]: Using databricks connection "model.atliq_gold_dbt.fact_sales"
[0m17:25:43.808895 [debug] [Thread-5 (]: On model.atliq_gold_dbt.fact_sales: /* {"app": "dbt", "dbt_version": "1.12.0", "dbt_databricks_version": "1.12.4", "databricks_sql_connector_version": "4.4.0", "profile_name": "atliq_gold_dbt", "target_name": "dev", "invocation_id": "21f2020d-9b32-4a3c-8a3a-99c98f65a2dd", "node_id": "model.atliq_gold_dbt.fact_sales"} */
SELECT
    table_catalog,
    table_schema,
    table_name,
    filter_name,
    target_columns
  FROM `atliq`.`information_schema`.`row_filters`
  WHERE table_catalog = 'atliq'
    AND table_schema = 'gold'
    AND table_name = 'fact_sales'
[0m17:25:44.308639 [debug] [Thread-5 (]: SQL status: OK in 0.500 seconds
[0m17:25:44.310561 [debug] [Thread-5 (]: Databricks adapter: Cursor(session-id=01f19bc4-e5d1-1750-8bd3-e8b32668f555, command-id=01f19bc4-e85c-104f-8f27-b505ce0c43e9) - Closing
[0m17:25:44.312681 [debug] [Thread-5 (]: Using databricks connection "model.atliq_gold_dbt.fact_sales"
[0m17:25:44.313009 [debug] [Thread-5 (]: On model.atliq_gold_dbt.fact_sales: /* {"app": "dbt", "dbt_version": "1.12.0", "dbt_databricks_version": "1.12.4", "databricks_sql_connector_version": "4.4.0", "profile_name": "atliq_gold_dbt", "target_name": "dev", "invocation_id": "21f2020d-9b32-4a3c-8a3a-99c98f65a2dd", "node_id": "model.atliq_gold_dbt.fact_sales"} */
SHOW TBLPROPERTIES `atliq`.`gold`.`fact_sales`
  
[0m17:25:44.789519 [debug] [Thread-5 (]: SQL status: OK in 0.480 seconds
[0m17:25:44.794074 [debug] [Thread-5 (]: Databricks adapter: Cursor(session-id=01f19bc4-e5d1-1750-8bd3-e8b32668f555, command-id=01f19bc4-e8a7-1db0-9350-d23397139ee9) - Closing
[0m17:25:44.799387 [debug] [Thread-5 (]: Using databricks connection "model.atliq_gold_dbt.fact_sales"
[0m17:25:44.800174 [debug] [Thread-5 (]: On model.atliq_gold_dbt.fact_sales: /* {"app": "dbt", "dbt_version": "1.12.0", "dbt_databricks_version": "1.12.4", "databricks_sql_connector_version": "4.4.0", "profile_name": "atliq_gold_dbt", "target_name": "dev", "invocation_id": "21f2020d-9b32-4a3c-8a3a-99c98f65a2dd", "node_id": "model.atliq_gold_dbt.fact_sales"} */
describe extended `atliq`.`gold`.`fact_sales`
  
[0m17:25:45.339763 [debug] [Thread-5 (]: SQL status: OK in 0.540 seconds
[0m17:25:45.346931 [debug] [Thread-5 (]: Databricks adapter: Cursor(session-id=01f19bc4-e5d1-1750-8bd3-e8b32668f555, command-id=01f19bc4-e8f3-1b9c-91f6-1db3f36a3143) - Closing
[0m17:25:45.347816 [debug] [Thread-5 (]: Databricks adapter: Getting diff for ColumnCommentsConfig: comments={'order_item_id': '', 'customer_id': '', 'product_id': ''} persist=False and comments={'order_item_id': '', 'order_id': '', 'customer_id': '', 'product_id': '', 'order_date': '', 'quantity': '', 'item_price': '', 'gross_revenue': '', 'status': '', '': ''} persist=False
[0m17:25:45.350970 [debug] [Thread-5 (]: Using databricks connection "model.atliq_gold_dbt.fact_sales"
[0m17:25:45.351367 [debug] [Thread-5 (]: On model.atliq_gold_dbt.fact_sales: /* {"app": "dbt", "dbt_version": "1.12.0", "dbt_databricks_version": "1.12.4", "databricks_sql_connector_version": "4.4.0", "profile_name": "atliq_gold_dbt", "target_name": "dev", "invocation_id": "21f2020d-9b32-4a3c-8a3a-99c98f65a2dd", "node_id": "model.atliq_gold_dbt.fact_sales"} */

  
    create or replace temporary view `fact_sales__dbt_tmp` as
      with __dbt__cte__stg_order_items as (
SELECT 
    order_item_id, 
    order_id, 
    product_id, 
    quantity,
    item_price
FROM `atliq`.`silver`.`order_items`
),  __dbt__cte__stg_orders as (
-- models/staging/stg_orders.sql
SELECT 
    order_id, 
    customer_id, 
    order_date, 
    status, 
    order_amount
FROM 
    `atliq`.`silver`.`orders`
) -- models/gold/fact_sales.sql
-- Grain: one row per order item





-- Grain: one row per order item

SELECT
    oi.order_item_id,
    o.order_id,
    o.customer_id,
    oi.product_id,
    o.order_date,
    oi.quantity,
    oi.item_price,
    oi.quantity * oi.item_price AS gross_revenue,
    o.status

FROM __dbt__cte__stg_order_items AS oi

INNER JOIN __dbt__cte__stg_orders AS o
    ON oi.order_id = o.order_id



WHERE oi.order_item_id > (
    SELECT COALESCE(MAX(order_item_id), 0)
    FROM `atliq`.`gold`.`fact_sales`
)
  
[0m17:25:45.953542 [debug] [Thread-5 (]: SQL status: OK in 0.600 seconds
[0m17:25:45.954498 [debug] [Thread-5 (]: Databricks adapter: Cursor(session-id=01f19bc4-e5d1-1750-8bd3-e8b32668f555, command-id=01f19bc4-e946-1925-9155-e78642418e1c) - Closing
[0m17:25:45.977636 [debug] [Thread-5 (]: Using databricks connection "model.atliq_gold_dbt.fact_sales"
[0m17:25:45.978069 [debug] [Thread-5 (]: On model.atliq_gold_dbt.fact_sales: /* {"app": "dbt", "dbt_version": "1.12.0", "dbt_databricks_version": "1.12.4", "databricks_sql_connector_version": "4.4.0", "profile_name": "atliq_gold_dbt", "target_name": "dev", "invocation_id": "21f2020d-9b32-4a3c-8a3a-99c98f65a2dd", "node_id": "model.atliq_gold_dbt.fact_sales"} */

    
  DESCRIBE TABLE EXTENDED `atliq`.`gold`.`fact_sales` AS JSON

  
[0m17:25:46.218279 [debug] [Thread-6 (]: SQL status: OK in 5.860 seconds
[0m17:25:46.219137 [debug] [Thread-3 (]: SQL status: OK in 5.860 seconds
[0m17:25:46.221003 [debug] [Thread-6 (]: Databricks adapter: Cursor(session-id=01f19bc4-e5d6-16d6-b4e4-a24b199a10e2, command-id=01f19bc4-e64d-1b97-ae54-b42ebc402f30) - Closing
[0m17:25:46.222053 [debug] [Thread-3 (]: Databricks adapter: Cursor(session-id=01f19bc4-e5cf-128b-810f-39e346a32cc4, command-id=01f19bc4-e64e-14ee-9905-f291e8619f55) - Closing
[0m17:25:46.345569 [debug] [Thread-5 (]: SQL status: OK in 0.370 seconds
[0m17:25:46.351203 [debug] [Thread-5 (]: Databricks adapter: Cursor(session-id=01f19bc4-e5d1-1750-8bd3-e8b32668f555, command-id=01f19bc4-e9a6-1e61-a2ba-a1dcf5c1b414) - Closing
[0m17:25:46.352854 [debug] [Thread-5 (]: Using databricks connection "model.atliq_gold_dbt.fact_sales"
[0m17:25:46.353372 [debug] [Thread-5 (]: On model.atliq_gold_dbt.fact_sales: /* {"app": "dbt", "dbt_version": "1.12.0", "dbt_databricks_version": "1.12.4", "databricks_sql_connector_version": "4.4.0", "profile_name": "atliq_gold_dbt", "target_name": "dev", "invocation_id": "21f2020d-9b32-4a3c-8a3a-99c98f65a2dd", "node_id": "model.atliq_gold_dbt.fact_sales"} */

    
  DESCRIBE TABLE EXTENDED `fact_sales__dbt_tmp` AS JSON

  
[0m17:25:46.409688 [debug] [Thread-3 (]: Applying tags to relation None
[0m17:25:46.410919 [debug] [Thread-6 (]: Applying tags to relation None
[0m17:25:46.423222 [debug] [Thread-3 (]: On model.atliq_gold_dbt.dim_date: Close
[0m17:25:46.424338 [debug] [Thread-3 (]: Databricks adapter: Connection(session-id=01f19bc4-e5cf-128b-810f-39e346a32cc4) - Closing
[0m17:25:46.455362 [debug] [Thread-4 (]: SQL status: OK in 6.090 seconds
[0m17:25:46.456070 [debug] [Thread-4 (]: Databricks adapter: Cursor(session-id=01f19bc4-e5d1-1d0c-afc9-58951a24da4d, command-id=01f19bc4-e64e-1cb7-98f8-ededb459acea) - Closing
[0m17:25:46.557304 [debug] [Thread-6 (]: On model.atliq_gold_dbt.dim_customers: Close
[0m17:25:46.557816 [debug] [Thread-6 (]: Databricks adapter: Connection(session-id=01f19bc4-e5d6-16d6-b4e4-a24b199a10e2) - Closing
[0m17:25:46.582979 [debug] [Thread-5 (]: SQL status: OK in 0.230 seconds
[0m17:25:46.586830 [debug] [Thread-5 (]: Databricks adapter: Cursor(session-id=01f19bc4-e5d1-1750-8bd3-e8b32668f555, command-id=01f19bc4-e9e0-182d-9a2c-13dfdabeccf1) - Closing
[0m17:25:46.597486 [debug] [Thread-5 (]: Writing runtime sql for node "model.atliq_gold_dbt.fact_sales"
[0m17:25:46.611889 [debug] [Thread-4 (]: Applying tags to relation None
[0m17:25:46.687126 [debug] [Thread-5 (]: Using databricks connection "model.atliq_gold_dbt.fact_sales"
[0m17:25:46.687661 [debug] [Thread-4 (]: On model.atliq_gold_dbt.dim_products: Close
[0m17:25:46.688294 [debug] [Thread-5 (]: On model.atliq_gold_dbt.fact_sales: /* {"app": "dbt", "dbt_version": "1.12.0", "dbt_databricks_version": "1.12.4", "databricks_sql_connector_version": "4.4.0", "profile_name": "atliq_gold_dbt", "target_name": "dev", "invocation_id": "21f2020d-9b32-4a3c-8a3a-99c98f65a2dd", "node_id": "model.atliq_gold_dbt.fact_sales"} */
-- back compat for old kwarg name
  
  
  
  
  
  
      
          
          
      
  

    merge
    into
        `atliq`.`gold`.`fact_sales` as DBT_INTERNAL_DEST
    using
        `fact_sales__dbt_tmp` as DBT_INTERNAL_SOURCE
    on
        
              DBT_INTERNAL_SOURCE.`order_item_id` <=> DBT_INTERNAL_DEST.`order_item_id`
          
    when matched
        then update set
            *
    when not matched
        then insert
            *

[0m17:25:46.688913 [debug] [Thread-4 (]: Databricks adapter: Connection(session-id=01f19bc4-e5d1-1d0c-afc9-58951a24da4d) - Closing
[0m17:25:46.690395 [debug] [Thread-3 (]: Sending event: {'category': 'dbt', 'action': 'run_model', 'label': '21f2020d-9b32-4a3c-8a3a-99c98f65a2dd', 'context': [<snowplow_tracker.self_describing_json.SelfDescribingJson object at 0x115868390>]}
[0m17:25:46.691201 [info ] [Thread-3 (]: 1 of 8 OK created sql table model gold.dim_date ................................ [[32mOK[0m in 7.45s]
[0m17:25:46.691830 [debug] [Thread-3 (]: Finished running node model.atliq_gold_dbt.dim_date
[0m17:25:46.827731 [debug] [Thread-6 (]: Sending event: {'category': 'dbt', 'action': 'run_model', 'label': '21f2020d-9b32-4a3c-8a3a-99c98f65a2dd', 'context': [<snowplow_tracker.self_describing_json.SelfDescribingJson object at 0x11578d7d0>]}
[0m17:25:46.828490 [debug] [Thread-4 (]: Sending event: {'category': 'dbt', 'action': 'run_model', 'label': '21f2020d-9b32-4a3c-8a3a-99c98f65a2dd', 'context': [<snowplow_tracker.self_describing_json.SelfDescribingJson object at 0x11583d250>]}
[0m17:25:46.829746 [info ] [Thread-6 (]: 3 of 8 OK created sql table model gold.dim_customers ........................... [[32mOK[0m in 7.54s]
[0m17:25:46.830952 [info ] [Thread-4 (]: 4 of 8 OK created sql table model gold.dim_products ............................ [[32mOK[0m in 7.54s]
[0m17:25:46.831990 [debug] [Thread-6 (]: Finished running node model.atliq_gold_dbt.dim_customers
[0m17:25:46.832692 [debug] [Thread-4 (]: Finished running node model.atliq_gold_dbt.dim_products
[0m17:25:51.344044 [debug] [Thread-5 (]: SQL status: OK in 4.650 seconds
[0m17:25:51.345841 [debug] [Thread-5 (]: Databricks adapter: Cursor(session-id=01f19bc4-e5d1-1750-8bd3-e8b32668f555, command-id=01f19bc4-ea13-17aa-a84d-2a88dcccf2cc) - Closing
[0m17:25:51.349163 [debug] [Thread-5 (]: On model.atliq_gold_dbt.fact_sales: Close
[0m17:25:51.349735 [debug] [Thread-5 (]: Databricks adapter: Connection(session-id=01f19bc4-e5d1-1750-8bd3-e8b32668f555) - Closing
[0m17:25:51.509320 [debug] [Thread-5 (]: Sending event: {'category': 'dbt', 'action': 'run_model', 'label': '21f2020d-9b32-4a3c-8a3a-99c98f65a2dd', 'context': [<snowplow_tracker.self_describing_json.SelfDescribingJson object at 0x11576cad0>]}
[0m17:25:51.509924 [info ] [Thread-5 (]: 2 of 8 OK created sql incremental model gold.fact_sales ........................ [[32mOK[0m in 12.22s]
[0m17:25:51.510347 [debug] [Thread-5 (]: Finished running node model.atliq_gold_dbt.fact_sales
[0m17:25:51.511098 [debug] [Thread-3 (]: Began running node test.atliq_gold_dbt.not_null_fact_sales_order_item_id.7707ac1abf
[0m17:25:51.511431 [debug] [Thread-6 (]: Began running node test.atliq_gold_dbt.relationships_fact_sales_customer_id__customer_id__ref_dim_customers_.540baa6d47
[0m17:25:51.511946 [debug] [Thread-4 (]: Began running node test.atliq_gold_dbt.relationships_fact_sales_product_id__product_id__ref_dim_products_.c768410e5b
[0m17:25:51.511721 [info ] [Thread-3 (]: 5 of 8 START test not_null_fact_sales_order_item_id ............................ [RUN]
[0m17:25:51.512325 [debug] [Thread-5 (]: Began running node test.atliq_gold_dbt.unique_fact_sales_order_item_id.4f7c479761
[0m17:25:51.512579 [info ] [Thread-6 (]: 6 of 8 START test relationships_fact_sales_customer_id__customer_id__ref_dim_customers_  [RUN]
[0m17:25:51.512887 [info ] [Thread-4 (]: 7 of 8 START test relationships_fact_sales_product_id__product_id__ref_dim_products_  [RUN]
[0m17:25:51.513354 [debug] [Thread-3 (]: Databricks adapter: DatabricksDBTConnection(session-id=None, name=test.atliq_gold_dbt.not_null_fact_sales_order_item_id.7707ac1abf) - Creating connection
[0m17:25:51.513642 [info ] [Thread-5 (]: 8 of 8 START test unique_fact_sales_order_item_id .............................. [RUN]
[0m17:25:51.514003 [debug] [Thread-6 (]: Databricks adapter: DatabricksDBTConnection(session-id=None, name=test.atliq_gold_dbt.relationships_fact_sales_customer_id__customer_id__ref_dim_customers_.540baa6d47) - Creating connection
[0m17:25:51.514338 [debug] [Thread-4 (]: Databricks adapter: DatabricksDBTConnection(session-id=None, name=test.atliq_gold_dbt.relationships_fact_sales_product_id__product_id__ref_dim_products_.c768410e5b) - Creating connection
[0m17:25:51.514594 [debug] [Thread-3 (]: Acquiring new databricks connection 'test.atliq_gold_dbt.not_null_fact_sales_order_item_id.7707ac1abf'
[0m17:25:51.514920 [debug] [Thread-5 (]: Databricks adapter: DatabricksDBTConnection(session-id=None, name=test.atliq_gold_dbt.unique_fact_sales_order_item_id.4f7c479761) - Creating connection
[0m17:25:51.515161 [debug] [Thread-6 (]: Acquiring new databricks connection 'test.atliq_gold_dbt.relationships_fact_sales_customer_id__customer_id__ref_dim_customers_.540baa6d47'
[0m17:25:51.515384 [debug] [Thread-4 (]: Acquiring new databricks connection 'test.atliq_gold_dbt.relationships_fact_sales_product_id__product_id__ref_dim_products_.c768410e5b'
[0m17:25:51.515611 [debug] [Thread-3 (]: Began compiling node test.atliq_gold_dbt.not_null_fact_sales_order_item_id.7707ac1abf
[0m17:25:51.515836 [debug] [Thread-5 (]: Acquiring new databricks connection 'test.atliq_gold_dbt.unique_fact_sales_order_item_id.4f7c479761'
[0m17:25:51.516058 [debug] [Thread-6 (]: Began compiling node test.atliq_gold_dbt.relationships_fact_sales_customer_id__customer_id__ref_dim_customers_.540baa6d47
[0m17:25:51.516278 [debug] [Thread-4 (]: Began compiling node test.atliq_gold_dbt.relationships_fact_sales_product_id__product_id__ref_dim_products_.c768410e5b
[0m17:25:51.525313 [debug] [Thread-3 (]: Writing injected SQL for node "test.atliq_gold_dbt.not_null_fact_sales_order_item_id.7707ac1abf"
[0m17:25:51.525581 [debug] [Thread-5 (]: Began compiling node test.atliq_gold_dbt.unique_fact_sales_order_item_id.4f7c479761
[0m17:25:51.534401 [debug] [Thread-6 (]: Writing injected SQL for node "test.atliq_gold_dbt.relationships_fact_sales_customer_id__customer_id__ref_dim_customers_.540baa6d47"
[0m17:25:51.542615 [debug] [Thread-4 (]: Writing injected SQL for node "test.atliq_gold_dbt.relationships_fact_sales_product_id__product_id__ref_dim_products_.c768410e5b"
[0m17:25:51.547970 [debug] [Thread-5 (]: Writing injected SQL for node "test.atliq_gold_dbt.unique_fact_sales_order_item_id.4f7c479761"
[0m17:25:51.548484 [debug] [Thread-4 (]: Began executing node test.atliq_gold_dbt.relationships_fact_sales_product_id__product_id__ref_dim_products_.c768410e5b
[0m17:25:51.548712 [debug] [Thread-6 (]: Began executing node test.atliq_gold_dbt.relationships_fact_sales_customer_id__customer_id__ref_dim_customers_.540baa6d47
[0m17:25:51.548875 [debug] [Thread-3 (]: Began executing node test.atliq_gold_dbt.not_null_fact_sales_order_item_id.7707ac1abf
[0m17:25:51.557153 [debug] [Thread-4 (]: Writing runtime sql for node "test.atliq_gold_dbt.relationships_fact_sales_product_id__product_id__ref_dim_products_.c768410e5b"
[0m17:25:51.557353 [debug] [Thread-5 (]: Began executing node test.atliq_gold_dbt.unique_fact_sales_order_item_id.4f7c479761
[0m17:25:51.558264 [debug] [Thread-6 (]: Writing runtime sql for node "test.atliq_gold_dbt.relationships_fact_sales_customer_id__customer_id__ref_dim_customers_.540baa6d47"
[0m17:25:51.559135 [debug] [Thread-3 (]: Writing runtime sql for node "test.atliq_gold_dbt.not_null_fact_sales_order_item_id.7707ac1abf"
[0m17:25:51.560018 [debug] [Thread-5 (]: Writing runtime sql for node "test.atliq_gold_dbt.unique_fact_sales_order_item_id.4f7c479761"
[0m17:25:51.560475 [debug] [Thread-4 (]: Using databricks connection "test.atliq_gold_dbt.relationships_fact_sales_product_id__product_id__ref_dim_products_.c768410e5b"
[0m17:25:51.560634 [debug] [Thread-3 (]: Using databricks connection "test.atliq_gold_dbt.not_null_fact_sales_order_item_id.7707ac1abf"
[0m17:25:51.560784 [debug] [Thread-6 (]: Using databricks connection "test.atliq_gold_dbt.relationships_fact_sales_customer_id__customer_id__ref_dim_customers_.540baa6d47"
[0m17:25:51.560935 [debug] [Thread-5 (]: Using databricks connection "test.atliq_gold_dbt.unique_fact_sales_order_item_id.4f7c479761"
[0m17:25:51.561119 [debug] [Thread-4 (]: On test.atliq_gold_dbt.relationships_fact_sales_product_id__product_id__ref_dim_products_.c768410e5b: /* {"app": "dbt", "dbt_version": "1.12.0", "dbt_databricks_version": "1.12.4", "databricks_sql_connector_version": "4.4.0", "profile_name": "atliq_gold_dbt", "target_name": "dev", "invocation_id": "21f2020d-9b32-4a3c-8a3a-99c98f65a2dd", "node_id": "test.atliq_gold_dbt.relationships_fact_sales_product_id__product_id__ref_dim_products_.c768410e5b"} */

    
    select
      count(*) as failures,
      count(*) != 0 as should_warn,
      count(*) != 0 as should_error
    from (
      
    
  
    
    

with child as (
    select product_id as from_field
    from `atliq`.`gold`.`fact_sales`
    where product_id is not null
),

parent as (
    select product_id as to_field
    from `atliq`.`gold`.`dim_products`
)

select
    from_field

from child
left join parent
    on child.from_field = parent.to_field

where parent.to_field is null



  
  
      
    ) dbt_internal_test
[0m17:25:51.561327 [debug] [Thread-3 (]: On test.atliq_gold_dbt.not_null_fact_sales_order_item_id.7707ac1abf: /* {"app": "dbt", "dbt_version": "1.12.0", "dbt_databricks_version": "1.12.4", "databricks_sql_connector_version": "4.4.0", "profile_name": "atliq_gold_dbt", "target_name": "dev", "invocation_id": "21f2020d-9b32-4a3c-8a3a-99c98f65a2dd", "node_id": "test.atliq_gold_dbt.not_null_fact_sales_order_item_id.7707ac1abf"} */

    
    select
      count(*) as failures,
      count(*) != 0 as should_warn,
      count(*) != 0 as should_error
    from (
      
    
  
    
    



select order_item_id
from `atliq`.`gold`.`fact_sales`
where order_item_id is null



  
  
      
    ) dbt_internal_test
[0m17:25:51.561533 [debug] [Thread-6 (]: On test.atliq_gold_dbt.relationships_fact_sales_customer_id__customer_id__ref_dim_customers_.540baa6d47: /* {"app": "dbt", "dbt_version": "1.12.0", "dbt_databricks_version": "1.12.4", "databricks_sql_connector_version": "4.4.0", "profile_name": "atliq_gold_dbt", "target_name": "dev", "invocation_id": "21f2020d-9b32-4a3c-8a3a-99c98f65a2dd", "node_id": "test.atliq_gold_dbt.relationships_fact_sales_customer_id__customer_id__ref_dim_customers_.540baa6d47"} */

    
    select
      count(*) as failures,
      count(*) != 0 as should_warn,
      count(*) != 0 as should_error
    from (
      
    
  
    
    

with child as (
    select customer_id as from_field
    from `atliq`.`gold`.`fact_sales`
    where customer_id is not null
),

parent as (
    select customer_id as to_field
    from `atliq`.`gold`.`dim_customers`
)

select
    from_field

from child
left join parent
    on child.from_field = parent.to_field

where parent.to_field is null



  
  
      
    ) dbt_internal_test
[0m17:25:51.561746 [debug] [Thread-5 (]: On test.atliq_gold_dbt.unique_fact_sales_order_item_id.4f7c479761: /* {"app": "dbt", "dbt_version": "1.12.0", "dbt_databricks_version": "1.12.4", "databricks_sql_connector_version": "4.4.0", "profile_name": "atliq_gold_dbt", "target_name": "dev", "invocation_id": "21f2020d-9b32-4a3c-8a3a-99c98f65a2dd", "node_id": "test.atliq_gold_dbt.unique_fact_sales_order_item_id.4f7c479761"} */

    
    select
      count(*) as failures,
      count(*) != 0 as should_warn,
      count(*) != 0 as should_error
    from (
      
    
  
    
    

select
    order_item_id as unique_field,
    count(*) as n_records

from `atliq`.`gold`.`fact_sales`
where order_item_id is not null
group by order_item_id
having count(*) > 1



  
  
      
    ) dbt_internal_test
[0m17:25:51.561921 [debug] [Thread-4 (]: Opening a new connection, currently in state init
[0m17:25:51.562077 [debug] [Thread-3 (]: Opening a new connection, currently in state init
[0m17:25:51.562247 [debug] [Thread-6 (]: Opening a new connection, currently in state init
[0m17:25:51.562415 [debug] [Thread-5 (]: Opening a new connection, currently in state init
[0m17:25:51.864269 [debug] [Thread-3 (]: Databricks adapter: Connection(session-id=01f19bc4-ed17-166e-b9e2-060a38ec84ae) - Created
[0m17:25:51.903533 [debug] [Thread-6 (]: Databricks adapter: Connection(session-id=01f19bc4-ed1e-12c8-b15a-aea5e556e99c) - Created
[0m17:25:51.904604 [debug] [Thread-5 (]: Databricks adapter: Connection(session-id=01f19bc4-ed1c-1c9b-a85f-123dcfc6250a) - Created
[0m17:25:51.905639 [debug] [Thread-4 (]: Databricks adapter: Connection(session-id=01f19bc4-ed1c-1f76-8f09-ea9c86225468) - Created
[0m17:25:52.595560 [debug] [Thread-3 (]: SQL status: OK in 1.030 seconds
[0m17:25:52.596302 [debug] [Thread-5 (]: SQL status: OK in 1.030 seconds
[0m17:25:52.603918 [debug] [Thread-5 (]: Databricks adapter: Cursor(session-id=01f19bc4-ed1c-1c9b-a85f-123dcfc6250a, command-id=01f19bc4-ed2e-15ae-b804-029524f3c4ae) - Closing
[0m17:25:52.605600 [debug] [Thread-3 (]: Databricks adapter: Cursor(session-id=01f19bc4-ed17-166e-b9e2-060a38ec84ae, command-id=01f19bc4-ed28-17bd-a015-24e913b0865b) - Closing
[0m17:25:52.608897 [debug] [Thread-5 (]: On test.atliq_gold_dbt.unique_fact_sales_order_item_id.4f7c479761: Close
[0m17:25:52.609629 [debug] [Thread-5 (]: Databricks adapter: Connection(session-id=01f19bc4-ed1c-1c9b-a85f-123dcfc6250a) - Closing
[0m17:25:52.749672 [debug] [Thread-3 (]: On test.atliq_gold_dbt.not_null_fact_sales_order_item_id.7707ac1abf: Close
[0m17:25:52.750208 [debug] [Thread-3 (]: Databricks adapter: Connection(session-id=01f19bc4-ed17-166e-b9e2-060a38ec84ae) - Closing
[0m17:25:52.841479 [debug] [Thread-4 (]: SQL status: OK in 1.280 seconds
[0m17:25:52.843603 [debug] [Thread-4 (]: Databricks adapter: Cursor(session-id=01f19bc4-ed1c-1f76-8f09-ea9c86225468, command-id=01f19bc4-ed2f-11f0-ae3c-76a00b9137f9) - Closing
[0m17:25:52.894314 [info ] [Thread-5 (]: 8 of 8 PASS unique_fact_sales_order_item_id .................................... [[32mPASS[0m in 1.38s]
[0m17:25:52.894877 [debug] [Thread-4 (]: On test.atliq_gold_dbt.relationships_fact_sales_product_id__product_id__ref_dim_products_.c768410e5b: Close
[0m17:25:52.895330 [debug] [Thread-6 (]: SQL status: OK in 1.330 seconds
[0m17:25:52.895743 [debug] [Thread-5 (]: Finished running node test.atliq_gold_dbt.unique_fact_sales_order_item_id.4f7c479761
[0m17:25:52.896103 [debug] [Thread-4 (]: Databricks adapter: Connection(session-id=01f19bc4-ed1c-1f76-8f09-ea9c86225468) - Closing
[0m17:25:52.897725 [debug] [Thread-6 (]: Databricks adapter: Cursor(session-id=01f19bc4-ed1e-12c8-b15a-aea5e556e99c, command-id=01f19bc4-ed2f-1a64-b5ea-7ebeeeb30607) - Closing
[0m17:25:53.025539 [debug] [Thread-6 (]: On test.atliq_gold_dbt.relationships_fact_sales_customer_id__customer_id__ref_dim_customers_.540baa6d47: Close
[0m17:25:53.024679 [info ] [Thread-3 (]: 5 of 8 PASS not_null_fact_sales_order_item_id .................................. [[32mPASS[0m in 1.51s]
[0m17:25:53.026539 [debug] [Thread-6 (]: Databricks adapter: Connection(session-id=01f19bc4-ed1e-12c8-b15a-aea5e556e99c) - Closing
[0m17:25:53.027259 [debug] [Thread-3 (]: Finished running node test.atliq_gold_dbt.not_null_fact_sales_order_item_id.7707ac1abf
[0m17:25:53.164185 [info ] [Thread-4 (]: 7 of 8 PASS relationships_fact_sales_product_id__product_id__ref_dim_products_ . [[32mPASS[0m in 1.65s]
[0m17:25:53.164866 [info ] [Thread-6 (]: 6 of 8 PASS relationships_fact_sales_customer_id__customer_id__ref_dim_customers_  [[32mPASS[0m in 1.65s]
[0m17:25:53.165902 [debug] [Thread-4 (]: Finished running node test.atliq_gold_dbt.relationships_fact_sales_product_id__product_id__ref_dim_products_.c768410e5b
[0m17:25:53.166518 [debug] [Thread-6 (]: Finished running node test.atliq_gold_dbt.relationships_fact_sales_customer_id__customer_id__ref_dim_customers_.540baa6d47
[0m17:25:53.168277 [debug] [MainThread]: Databricks adapter: DatabricksDBTConnection(session-id=None, name=master) - Creating connection
[0m17:25:53.168660 [debug] [MainThread]: Acquiring new databricks connection 'master'
[0m17:25:53.169232 [info ] [MainThread]: 
[0m17:25:53.169580 [info ] [MainThread]: Finished running 1 incremental model, 3 table models, 4 data tests in 0 hours 0 minutes and 18.70 seconds (18.70s).
[0m17:25:53.171084 [debug] [MainThread]: Command end result
[0m17:25:53.220414 [debug] [MainThread]: Wrote artifact WritableManifest to /Users/shalinigoutam/Desktop/Codebasics/bootcamp-projects/atliq-commerce-data-pipeline/atliq_gold_dbt/target/manifest.json
[0m17:25:53.222145 [debug] [MainThread]: Wrote artifact SemanticManifest to /Users/shalinigoutam/Desktop/Codebasics/bootcamp-projects/atliq-commerce-data-pipeline/atliq_gold_dbt/target/semantic_manifest.json
[0m17:25:53.223651 [debug] [MainThread]: Wrote artifact OsiDocument to /Users/shalinigoutam/Desktop/Codebasics/bootcamp-projects/atliq-commerce-data-pipeline/atliq_gold_dbt/target/osi_document.json
[0m17:25:53.227788 [debug] [MainThread]: Wrote artifact RunExecutionResult to /Users/shalinigoutam/Desktop/Codebasics/bootcamp-projects/atliq-commerce-data-pipeline/atliq_gold_dbt/target/run_results.json
[0m17:25:53.227976 [info ] [MainThread]: 
[0m17:25:53.228189 [info ] [MainThread]: [32mCompleted successfully[0m
[0m17:25:53.228352 [info ] [MainThread]: 
[0m17:25:53.228516 [info ] [MainThread]: Done. PASS=8 WARN=0 ERROR=0 SKIP=0 NO-OP=0 REUSED=0 TOTAL=8
[0m17:25:53.228817 [warn ] [MainThread]: [[33mWARNING[0m][DeprecationsSummary]: Deprecated functionality
Summary of encountered deprecations:
- MissingArgumentsPropertyInGenericTestDeprecation: 2 occurrences
To see all deprecation instances instead of just the first occurrence of each,
run command again with the `--show-all-deprecations` flag. You may also need to
run with `--no-partial-parse` as some deprecations are only encountered during
parsing.
[0m17:25:53.232535 [debug] [MainThread]: Resource report: {"command_name": "build", "command_success": true, "command_wall_clock_time": 20.914549, "process_in_blocks": "0", "process_kernel_time": 0.355709, "process_mem_max_rss": "317390848", "process_out_blocks": "0", "process_user_time": 3.546815}
[0m17:25:53.232863 [debug] [MainThread]: Command `dbt build` succeeded at 17:25:53.232820 after 20.91 seconds
[0m17:25:53.233063 [debug] [MainThread]: Sending event: {'category': 'dbt', 'action': 'invocation', 'label': 'end', 'context': [<snowplow_tracker.self_describing_json.SelfDescribingJson object at 0x10c62fdd0>, <snowplow_tracker.self_describing_json.SelfDescribingJson object at 0x10c643090>, <snowplow_tracker.self_describing_json.SelfDescribingJson object at 0x10c643f50>]}
[0m17:25:53.233241 [debug] [MainThread]: Flushing usage events
[0m17:25:54.754904 [debug] [MainThread]: An error was encountered while trying to flush usage events
